incendi_protein,ortholog_accession,alntmscore,pident,incendi_num_chains,incendi_num_residues,incendi_rg_nm,incendi_helix_num,incendi_strand_num,incendi_coil_num,incendi_total_sasa_A2,incendi_frac_sasa_hydrophobic,incendi_frac_sasa_polar,incendi_frac_sasa_charged,incendi_frac_sasa_pos,incendi_frac_sasa_neg,incendi_num_hbonds,incendi_num_salt_bridges,incendi_num_disulfides,incendi_num_pipi,incendi_net_charge,incendi_num_exposed_pos,incendi_num_exposed_neg,incendi_surface_net_charge,incendi_highly_exposed_frac,incendi_frac_sasa_PHE,incendi_frac_sasa_LEU,incendi_frac_sasa_ASN,incendi_frac_sasa_ASP,incendi_frac_sasa_GLN,incendi_frac_sasa_THR,incendi_frac_sasa_PRO,incendi_frac_sasa_VAL,incendi_frac_sasa_ARG,incendi_frac_sasa_HIS,incendi_frac_sasa_SER,incendi_frac_sasa_GLU,incendi_frac_sasa_CYS,incendi_frac_sasa_ALA,incendi_frac_sasa_ILE,incendi_frac_sasa_TYR,incendi_frac_sasa_GLY,incendi_frac_sasa_LYS,incendi_frac_sasa_MET,ortholog_num_chains,ortholog_num_residues,ortholog_rg_nm,ortholog_helix_num,ortholog_strand_num,ortholog_coil_num,ortholog_total_sasa_A2,ortholog_frac_sasa_hydrophobic,ortholog_frac_sasa_polar,ortholog_frac_sasa_charged,ortholog_frac_sasa_pos,ortholog_frac_sasa_neg,ortholog_num_hbonds,ortholog_num_salt_bridges,ortholog_num_disulfides,ortholog_num_pipi,ortholog_net_charge,ortholog_num_exposed_pos,ortholog_num_exposed_neg,ortholog_surface_net_charge,ortholog_highly_exposed_frac,ortholog_frac_sasa_ALA,ortholog_frac_sasa_HIS,ortholog_frac_sasa_ARG,ortholog_frac_sasa_SER,ortholog_frac_sasa_LEU,ortholog_frac_sasa_ILE,ortholog_frac_sasa_TYR,ortholog_frac_sasa_THR,ortholog_frac_sasa_GLU,ortholog_frac_sasa_GLY,ortholog_frac_sasa_PRO,ortholog_frac_sasa_VAL,ortholog_frac_sasa_LYS,ortholog_frac_sasa_ASN,ortholog_frac_sasa_ASP,ortholog_frac_sasa_MET,ortholog_frac_sasa_GLN,incendi_frac_sasa_TRP,ortholog_frac_sasa_PHE,ortholog_frac_sasa_TRP,ortholog_frac_sasa_CYS,diff_num_residues,diff_rg_nm,diff_helix_num,diff_strand_num,diff_coil_num,diff_total_sasa_A2,diff_frac_sasa_hydrophobic,diff_frac_sasa_polar,diff_frac_sasa_charged,diff_num_hbonds,diff_num_salt_bridges,diff_num_disulfides,diff_num_pipi,diff_net_charge,diff_surface_net_charge,diff_highly_exposed_frac
g8455.t1,A0A221SY53,0.991,32.0,1,81,1.473097812659034,27,16,38,15193.8056640625,0.3363012671470642,0.15136954188346863,0.41113877296447754,0.35324063897132874,0.0578981451690197,62,3,0,0,11,12,4,8,0.3950617283950617,0.0,0.1308874785900116,0.06476611644029617,0.0026977320667356253,0.0392548032104969,0.019077783450484276,0.035464007407426834,0.0027461466379463673,0.13760890066623688,0.10119032114744186,0.024487106129527092,0.05520041286945343,0.0,0.0029536643996834755,0.04003908112645149,0.0037837359122931957,0.0,0.21563172340393066,0.12421087175607681,1,55,1.052267245318942,21,11,23,10534.361328125,0.2615668773651123,0.20795418322086334,0.5292536616325378,0.38389527797698975,0.1453583836555481,51,6,0,0,3,10,7,3,0.4909090909090909,0.09732776880264282,0.0012251511216163635,0.13100774586200714,0.006605655886232853,0.0,0.0840894803404808,0.0483296662569046,0.01796623505651951,0.11331182718276978,0.03842371329665184,0.07595936954021454,0.004190268460661173,0.2528875172138214,0.045911792665719986,0.032046571373939514,0.0,0.05071711912751198,,,,,26,0.42083056734009205,6,5,15,4659.4443359375,0.0747343897819519,-0.056584641337394714,-0.1181148886680603,11,-3,0,0,8,5,-0.0958473625140292
g7743.t1,A0A221SX97,0.978,51.8,1,503,3.887454739699156,171,99,233,58581.94140625,0.16091705858707428,0.3280367851257324,0.5110461115837097,0.2706053555011749,0.24044078588485718,406,61,2,171,-5,55,51,4,0.32803180914512925,0.0034148043487221003,0.007604287937283516,0.059301432222127914,0.07604479789733887,0.09442248195409775,0.1417854130268097,0.06591610610485077,0.0016961010405793786,0.031097067520022392,0.0,0.015885312110185623,0.1643960028886795,0.0,0.026732327416539192,0.008812397718429565,0.0028175690677016973,0.013824592344462872,0.2395082712173462,0.02933969534933567,1,109,1.3180693031391273,14,44,51,13579.052734375,0.31023967266082764,0.28068211674690247,0.4090782105922699,0.1926223784685135,0.2164558321237564,96,20,0,43,-5,10,10,0,0.3394495412844037,0.07291364669799805,0.0,0.12795965373516083,0.0,0.0004698068369179964,0.0,0.052466683089733124,0.08522316068410873,0.1287984549999237,0.09266239404678345,0.06233486533164978,0.051765430718660355,0.06466273963451385,,0.0876573696732521,0.12275590747594833,0.05032989755272865,0.01740134507417679,0.0,0.0,,394,2.5693854365600286,157,55,182,45002.888671875,-0.14932261407375336,0.047354668378829956,0.10196790099143982,310,41,2,128,0,4,-0.011417732139274439
g993.t1,A0A221SUY3,0.9659,55.6,1,391,2.1962757915272944,128,99,164,25109.80859375,0.23503397405147552,0.2732967436313629,0.46269190311431885,0.3056989908218384,0.15699289739131927,393,57,23,373,-1,25,20,5,0.1867007672634271,0.02384405955672264,0.01297824177891016,0.09088678658008575,0.08867184072732925,0.07246996462345123,0.028887681663036346,0.07299453765153885,0.003641469171270728,0.05646299198269844,0.028977401554584503,0.03782058134675026,0.06832105666399002,0.0,0.034308817237615585,0.04612765461206436,0.00963690597563982,0.03359481319785118,0.24923601746559143,0.04113921523094177,1,403,2.233182591210253,148,90,165,25178.166015625,0.24293728172779083,0.2956545352935791,0.41706639528274536,0.19629213213920593,0.22077427804470062,402,48,0,256,-9,21,21,0,0.20347394540942929,0.04445507004857063,0.044341813772916794,0.11954953521490097,0.05909997597336769,0.022015264257788658,0.005638537462800741,0.0307310800999403,0.07509386539459229,0.14241057634353638,0.01867283321917057,0.07946592569351196,0.01542961597442627,0.07674259692430496,0.0044364603236317635,0.07836367934942245,0.0627627819776535,0.10762032121419907,0.0,0.013170087710022926,0.0,,-12,-0.036906799682958624,-20,9,-1,-68.357421875,-0.007903307676315308,-0.022357791662216187,0.045625507831573486,-9,9,23,117,8,5,-0.016773178146002182
g7761.t1,A0A221ST82,0.9487,47.6,1,590,3.21443410175121,293,95,202,49414.30859375,0.325496643781662,0.19474786520004272,0.4579184353351593,0.2878328859806061,0.17008554935455322,524,68,6,52,0,40,35,5,0.21016949152542372,0.08167893439531326,0.06525944918394089,0.025761956349015236,0.05324642360210419,0.04665030166506767,0.039918314665555954,0.00992496032267809,0.012247323989868164,0.13873544335365295,0.02183704823255539,0.026265747845172882,0.11683914065361023,0.0003917747235391289,0.049243293702602386,0.011352774687111378,0.029002217575907707,0.02675754390656948,0.14909742772579193,0.09578991681337357,1,544,2.6581259678311335,289,92,163,35410.3984375,0.27709078788757324,0.15634013712406158,0.5662956237792969,0.22434350848197937,0.3419521749019623,511,95,0,41,-17,31,41,-10,0.18933823529411764,0.05588722974061966,0.0002733558358158916,0.09154405444860458,0.017765767872333527,0.02042067050933838,0.028337884694337845,0.007363989017903805,0.016423916444182396,0.1561557650566101,0.03159208968281746,0.017312534153461456,0.017308378592133522,0.132799431681633,0.051285721361637115,0.18579640984535217,0.048653628677129745,0.03190864995121956,0.0,0.08917045593261719,,,46,0.5563081339200764,4,3,39,14003.91015625,0.048405855894088745,0.03840772807598114,-0.10837718844413757,13,-27,6,11,17,15,0.020831256231306078
g1259.t1,A0A221ST88,0.9348,29.2,1,191,1.5445783784625133,66,46,79,17340.41796875,0.2100527137517929,0.3317936956882477,0.4260016083717346,0.2959679961204529,0.13003356754779816,170,18,2,69,0,16,10,6,0.2094240837696335,0.006136095616966486,0.027081498876214027,0.08731868863105774,0.07866029441356659,0.17854464054107666,0.013815322890877724,0.029432548210024834,0.0007273148512467742,0.05296057462692261,0.03215193375945091,0.019972046837210655,0.05137326568365097,0.0,0.00018182871281169355,0.0,0.00037214168696664274,0.031770866364240646,0.24300743639469147,0.1461212933063507,1,182,1.5024544523815888,66,48,68,16586.130859375,0.2587634027004242,0.10150085389614105,0.618672251701355,0.32576650381088257,0.2929057478904724,183,22,0,4,-7,14,19,-5,0.25274725274725274,0.017021315172314644,0.02106349542737007,0.12958000600337982,0.006012775469571352,0.03848644718527794,0.03613431751728058,0.001140586449764669,0.03812338411808014,0.06545571237802505,0.016583463177084923,0.058452364057302475,0.0025289261247962713,0.19618651270866394,0.0,0.22745001316070557,0.10088767856359482,0.039640653878450394,0.00037214168696664274,0.0,0.005252385511994362,0.0,9,0.04212392608092452,0,-2,11,754.287109375,-0.04871068894863129,0.23029284179210663,-0.19267064332962036,-13,-4,2,65,7,11,-0.04332316897761923
g11863.t1,A0A221SYQ8,0.9159,23.9,1,496,2.5830976233896292,203,85,208,33827.1171875,0.3025849461555481,0.24902601540088654,0.41083383560180664,0.21288159489631653,0.19795222580432892,431,59,6,400,-10,26,26,0,0.1935483870967742,0.04060506820678711,0.08288602530956268,0.08306139707565308,0.11011254042387009,0.07619676738977432,0.04282873496413231,0.06177366524934769,0.002148152096197009,0.08358890563249588,0.03755522891879082,0.032639503479003906,0.08783968538045883,0.006955370772629976,0.010492176748812199,0.009156809188425541,0.000858450832311064,0.006485773250460625,0.12929268181324005,0.05773934721946716,1,410,2.240078475813464,196,80,134,24251.58984375,0.23208102583885193,0.2293829619884491,0.4903161823749542,0.17131781578063965,0.3189983665943146,393,58,4,150,-21,17,27,-10,0.1926829268292683,0.07984159141778946,0.048219867050647736,0.17131784558296204,0.019862262532114983,0.009978354908525944,0.0007982683018781245,0.007800690829753876,0.11637262254953384,0.14591620862483978,0.007281062193214893,0.1071304976940155,0.009845309890806675,0.0,0.002218748675659299,0.1730821430683136,0.014641701243817806,0.0758475586771965,0.03778368607163429,0.0,0.009845309890806675,0.0,86,0.34301914757616503,7,5,74,9575.52734375,0.07050392031669617,0.01964305341243744,-0.07948234677314758,38,1,2,250,11,10,0.0008654602675058909
g11365.t1,A0A221ST75,0.9144,53.1,1,120,2.1025773968364163,9,39,72,21296.087890625,0.2499450445175171,0.2351689487695694,0.5148860216140747,0.3345035910606384,0.18038244545459747,67,7,0,30,2,17,11,6,0.4,0.007120917085558176,0.0858394205570221,0.033577241003513336,0.061022717505693436,0.0,0.015112890861928463,0.03469552844762802,0.020150678232312202,0.06510178744792938,,0.12218204140663147,0.11935973167419434,0.0,0.004052743781358004,0.028180649504065514,0.039049871265888214,0.025246908888220787,0.26940178871154785,0.06990508735179901,1,95,1.552026563708819,6,38,51,15026.119140625,0.24451914429664612,0.2483721375465393,0.5071086287498474,0.21005967259407043,0.297048956155777,64,9,0,20,-3,11,8,3,0.35789473684210527,0.055510710924863815,,0.04730713367462158,0.016967829316854477,0.10692957043647766,0.003220937680453062,0.07275690138339996,0.077242411673069,0.20856215059757233,0.052591923624277115,0.026841146871447563,0.011414241977036,0.16275252401828766,0.016195429489016533,0.08848685771226883,0.040602557361125946,0.012617629021406174,0.0,0.0,,,25,0.5505508331275972,3,1,21,6269.96875,0.005425900220870972,-0.01320318877696991,0.007777392864227295,3,-2,0,10,5,3,0.04210526315789476
g14210.t1,A0A221SWA8,0.9118,13.5,1,118,1.8469997613887725,98,0,20,17653.09375,0.30991774797439575,0.19816656410694122,0.4142962694168091,0.2650167942047119,0.14927944540977478,121,14,2,49,-6,12,13,-1,0.3813559322033898,0.008773205801844597,0.031254544854164124,0.013244648464024067,0.03238224238157272,0.06024277210235596,0.04039689525961876,0.025040190666913986,0.0,0.13787534832954407,0.07761948555707932,0.019647466018795967,0.11689721047878265,0.03294973447918892,0.04313492774963379,0.06068133935332298,0.026392905041575432,0.005292144138365984,0.12714144587516785,0.11380001157522202,1,168,1.7991237134640865,137,0,31,19140.44140625,0.29790958762168884,0.128190279006958,0.5622750520706177,0.3146176040172577,0.2476574033498764,193,25,0,7,-12,15,17,-2,0.2857142857142857,0.0655389353632927,0.011625069193542004,0.12707331776618958,0.0,0.051183927804231644,0.02275724709033966,0.006589160300791264,0.006991639267653227,0.20900321006774902,0.0445164293050766,0.02983727864921093,0.012137197889387608,0.1875443160533905,0.0021497642155736685,0.03865419700741768,0.11645499616861343,0.06794329732656479,0.027233490720391273,0.0,,0.0,-50,0.04787604792468603,-39,0,-11,-1487.34765625,0.01200816035270691,0.06997628509998322,-0.1479787826538086,-72,-11,2,42,6,1,0.09564164648910412
g8272.t1,A0A221STW2,0.9073,32.6,1,105,1.2689113732412907,42,29,34,12866.880859375,0.22228989005088806,0.17020253837108612,0.606504499912262,0.36402755975723267,0.24247688055038452,94,11,1,102,-2,14,12,2,0.3523809523809524,0.031094692647457123,0.0,0.04145314171910286,0.014024828560650349,0.015299538150429726,0.0944204181432724,0.0599096454679966,0.0,,0.0010030546691268682,0.0,0.22845207154750824,0.0,0.013671944849193096,0.005636072717607021,0.0,0.01902945339679718,0.36402755975723267,0.06749023497104645,1,109,1.2935689468433356,42,29,38,13566.615234375,0.28122279047966003,0.24218407273292542,0.47659313678741455,0.2981249690055847,0.17846816778182983,93,6,1,55,-4,7,9,-2,0.30275229357798167,0.034629493951797485,0.0,0.219874769449234,0.03424133360385895,0.0026161284185945988,0.02616128697991371,0.0,0.03926829248666763,0.1588646024465561,0.017317457124590874,0.058235783129930496,0.023652853444218636,0.07825019955635071,0.09475421905517578,0.019603580236434937,0.09963144361972809,0.056602783501148224,0.04448729380965233,0.0,0.03629579022526741,0.0,-4,-0.024657573602044902,0,0,-4,-699.734375,-0.05893290042877197,-0.0719815343618393,0.1299113631248474,1,5,0,47,2,4,0.04962865880297074
g5964.t1,A0A221SXY7,0.9058,32.6,1,257,2.890078713983306,58,49,150,36655.14453125,0.3190099000930786,0.31345880031585693,0.30644720792770386,0.18326003849506378,0.12318716198205948,189,27,4,185,0,20,16,4,0.35019455252918286,0.15617649257183075,0.04506848007440567,0.02295568957924843,0.03492312878370285,0.13569091260433197,0.07365413010120392,0.030544182285666466,0.012675510719418526,0.035541944205760956,0.06108405068516731,0.0,0.08826404064893723,0.050422895699739456,0.008846311829984188,0.019421279430389404,0.01762411557137966,0.013111067935824394,0.14771808683872223,0.046277642250061035,1,152,1.4009810807191778,47,40,65,14924.240234375,0.21551313996315002,0.22059687972068787,0.5164479613304138,0.21480661630630493,0.3016413748264313,144,8,0,121,-5,12,13,-1,0.2894736842105263,0.06839512288570404,0.047441963106393814,0.1936376690864563,0.04084046185016632,0.0023781449999660254,0.030453922227025032,0.00594009505584836,0.06981416791677475,0.20165832340717316,0.05801573768258095,0.016214625909924507,0.00021619501058012247,0.02116895653307438,0.0,0.0999830812215805,0.08764535188674927,0.045986391603946686,0.0,0.010209777392446995,0.0,0.0,105,1.4890976332641284,11,9,85,21730.904296875,0.10349676012992859,0.09286192059516907,-0.21000075340270996,45,19,4,64,5,5,0.06072086831865653
g11678.t1,A0A221SY13,0.8954,26.8,1,1169,3.4266727120524343,95,456,618,54994.9140625,0.31874215602874756,0.5144520998001099,0.12241145968437195,0.05664294585585594,0.0657685175538063,1032,126,11,1313,-20,14,24,-10,0.14798973481608213,0.06628287583589554,0.04147293046116829,0.13698238134384155,0.038387373089790344,0.08484376221895218,0.09483607858419418,0.059133727103471756,0.03311888501048088,0.050599757581949234,0.044394269585609436,0.14121639728546143,0.027381140738725662,0.0,0.015695443376898766,0.019084922969341278,0.02324117347598076,0.03333234041929245,0.006043189205229282,0.07959887385368347,1,830,3.172179231474015,40,351,439,40895.25,0.3703949749469757,0.35683760046958923,0.26972800493240356,0.1844981163740158,0.08522988855838776,786,112,3,351,-8,25,20,5,0.1578313253012048,0.16113051772117615,0.0030395053327083588,0.12348754703998566,0.047518953680992126,0.08686576038599014,0.0,0.0,0.12172328680753708,0.027605805546045303,0.08741828799247742,0.08098416030406952,0.006293838378041983,0.061010561883449554,0.030139198526740074,0.05762408301234245,0.02245436981320381,0.05002690851688385,0.004354510921984911,0.001884553930722177,0.010781772434711456,0.020010946318507195,339,0.25449348057841936,55,105,179,14099.6640625,-0.05165281891822815,0.15761449933052063,-0.14731654524803162,246,14,8,962,-12,-15,-0.009841590485122675
g16310.t1,A0A221SYK9,0.8847,36.2,1,435,2.320556812092378,166,89,180,30792.310546875,0.1490073800086975,0.3049319386482239,0.5047375559806824,0.28843241930007935,0.21630510687828064,403,44,11,74,4,24,17,7,0.18620689655172415,0.004381823353469372,0.013621940277516842,0.02434893697500229,0.05485822260379791,0.15040434896945953,0.048811379820108414,0.041468244045972824,0.014326762408018112,0.08392966538667679,0.04132314398884773,0.021403977647423744,0.16144688427448273,0.0,0.016748085618019104,0.008592300117015839,0.03864015266299248,0.021323151886463165,0.20450274646282196,0.04029974713921547,1,392,2.049206707017316,154,93,145,25584.0859375,0.15367116034030914,0.21279048919677734,0.5725868344306946,0.36886146664619446,0.20372533798217773,371,36,4,4,-3,22,19,3,0.17346938775510204,0.03489251434803009,0.060951538383960724,0.1499326229095459,0.029271164909005165,0.06471403688192368,0.021769078448414803,0.007686891593039036,0.013453694060444832,0.13659892976284027,0.03488389030098915,0.002522307215258479,0.0021439611446112394,0.21892885863780975,0.04661610350012779,0.06712640076875687,0.02574472874403,0.08087875694036484,0.009568474255502224,0.0,0.0018845355371013284,0.0,43,0.27135010507506196,12,-4,35,5208.224609375,-0.004663780331611633,0.09214144945144653,-0.06784927845001221,32,8,7,70,7,4,0.01273750879662211
g16310.t1,A0A221SUR6,0.881,42.1,1,435,2.320556812092378,166,89,180,30792.310546875,0.1490073800086975,0.3049319386482239,0.5047375559806824,0.28843241930007935,0.21630510687828064,403,44,11,74,4,24,17,7,0.18620689655172415,0.004381823353469372,0.013621940277516842,0.02434893697500229,0.05485822260379791,0.15040434896945953,0.048811379820108414,0.041468244045972824,0.014326762408018112,0.08392966538667679,0.04132314398884773,0.021403977647423744,0.16144688427448273,0.0,0.016748085618019104,0.008592300117015839,0.03864015266299248,0.021323151886463165,0.20450274646282196,0.04029974713921547,1,390,2.035796695950841,150,90,150,25409.6328125,0.23750543594360352,0.12739796936511993,0.5515686273574829,0.3234679698944092,0.22810065746307373,353,30,1,2,-7,21,22,-1,0.17692307692307693,0.0735975131392479,0.08352796733379364,0.15210428833961487,0.0,0.06571837514638901,0.012571142055094242,0.00596192991361022,0.01968458667397499,0.09674503654241562,0.058056581765413284,0.0043173618614673615,0.0022653972264379263,0.1713636815547943,0.024915965273976326,0.13135561347007751,0.054771460592746735,0.018778910860419273,0.009568474255502224,0.024264195933938026,0.0,0.0,45,0.2847601161415372,16,-1,30,5382.677734375,-0.088498055934906,0.17753396928310394,-0.04683107137680054,50,14,10,72,11,8,0.009283819628647216
g14210.t1,A0A221T1S3,0.8802,12.5,1,118,1.8469997613887725,98,0,20,17653.09375,0.30991774797439575,0.19816656410694122,0.4142962694168091,0.2650167942047119,0.14927944540977478,121,14,2,49,-6,12,13,-1,0.3813559322033898,0.008773205801844597,0.031254544854164124,0.013244648464024067,0.03238224238157272,0.06024277210235596,0.04039689525961876,0.025040190666913986,0.0,0.13787534832954407,0.07761948555707932,0.019647466018795967,0.11689721047878265,0.03294973447918892,0.04313492774963379,0.06068133935332298,0.026392905041575432,0.005292144138365984,0.12714144587516785,0.11380001157522202,1,162,1.6777920000423494,135,0,27,16930.6171875,0.19770315289497375,0.3791674077510834,0.4107639193534851,0.19539038836956024,0.21537350118160248,187,26,0,8,-10,9,12,-3,0.30864197530864196,0.02820504643023014,0.012365606613457203,0.1378646194934845,0.011663558892905712,0.011520776897668839,0.0,0.00037245964631438255,0.022495901212096214,0.19768168032169342,0.09374865889549255,0.036858510226011276,0.04687582328915596,0.05752577260136604,0.033080149441957474,0.017691833898425102,0.07119378447532654,0.21780668199062347,0.027233490720391273,0.003049194347113371,,0.0,-44,0.16920776134642312,-37,0,-7,722.4765625,0.112214595079422,-0.18100084364414215,0.0035323500633239746,-66,-12,2,41,4,2,0.07271395689474786
g9539.t1,A0A221SY77,0.8748,26.0,1,202,1.8343617880113237,107,16,79,21400.287109375,0.2422642707824707,0.2093578577041626,0.5368098616600037,0.4707939624786377,0.06601585447788239,171,16,0,41,17,25,9,16,0.2376237623762376,0.003316965652629733,0.019716648384928703,0.063624307513237,0.03802243620157242,0.049073342233896255,0.0010553982574492693,0.0,0.004372363910079002,0.263619065284729,0.011568048037588596,0.05053596943616867,0.027993427589535713,0.0,0.04040667414665222,0.10553981363773346,0.007397626992315054,0.037671223282814026,0.2071748822927475,0.06891179084777832,1,156,1.8076636368944172,93,14,49,18897.42578125,0.1287967562675476,0.24748937785625458,0.6087179780006409,0.48618084192276,0.12253711372613907,144,21,0,90,13,20,10,10,0.2948717948717949,0.021450957283377647,0.014995897188782692,0.402787446975708,0.021430425345897675,0.015820428729057312,0.0,0.019020600244402885,0.006025968585163355,0.088096484541893,0.06230832263827324,0.019122879952192307,0.016720842570066452,0.083393394947052,0.017925001680850983,0.034440625458955765,0.02209458313882351,0.12077904492616653,0.0,0.0,0.03358707204461098,0.0,46,0.026698151116906432,14,2,30,2502.861328125,0.1134675145149231,-0.03813152015209198,-0.07190811634063721,27,-5,0,-49,4,6,-0.057248032495557266
g17606.t1,A0A221SSJ5,0.8654,33.0,1,220,3.2206613397347494,23,66,131,42491.59375,0.2324582040309906,0.5142225623130798,0.25278764963150024,0.21854369342327118,0.034243978559970856,116,14,0,0,12,22,9,13,0.4636363636363636,0.02739996463060379,0.032718315720558167,0.029839392751455307,0.011035649105906487,0.39679691195487976,0.005662139505147934,0.04303468391299248,0.02923944965004921,0.16335275769233704,0.0005315362941473722,0.055955126881599426,0.023208335041999817,,0.014503346756100655,0.0644838735461235,0.00029681032174266875,0.025672204792499542,0.05519092082977295,0.019581550732254982,1,296,2.415568586468234,18,144,134,30429.443359375,0.17313307523727417,0.42441001534461975,0.4024568796157837,0.25734472274780273,0.14511214196681976,224,53,0,57,-6,21,21,0,0.27702702702702703,0.06494447588920593,0.0,0.20690880715847015,0.05105554684996605,0.0023952615447342396,0.0110275037586689,0.07402787357568741,0.042960990220308304,0.09692090004682541,0.05640692263841629,0.07307389378547668,0.00021206738892942667,0.050435926765203476,0.045828308910131454,0.04819124564528465,0.00802569929510355,0.15413042902946472,0.001497014774940908,0.0,0.013454179279506207,,-76,0.8050927532665155,5,-78,-3,12062.150390625,0.05932512879371643,0.08981254696846008,-0.14966922998428345,-108,-39,0,-57,18,13,0.1866093366093366
g11355.t1,A0A221T0D1,0.8458,20.0,1,220,1.9654968528649903,71,52,97,21077.068359375,0.1808115839958191,0.2630024552345276,0.5548344254493713,0.38975587487220764,0.1650785505771637,198,26,3,112,3,21,14,7,0.24545454545454545,0.0,0.0024493320379406214,0.06796625256538391,0.11149974912405014,0.06190674751996994,0.05743618682026863,0.08545439690351486,0.001530832494609058,0.04430197551846504,0.0013515488244593143,0.023420779034495354,0.05357879400253296,0.0071318200789391994,0.013777492567896843,0.0,0.041010912507772446,0.004129758104681969,0.3454539477825165,0.07759951055049896,1,157,1.4833460412370332,48,32,77,16096.90234375,0.3505653142929077,0.16919946670532227,0.4643634855747223,0.2264735996723175,0.2378898710012436,148,18,1,114,-4,12,12,0,0.2484076433121019,0.05446893349289894,0.015871703624725342,0.1619778871536255,0.006473024841398001,0.025256091728806496,0.010495638474822044,0.0,0.056464243680238724,0.10033906251192093,0.042192116379737854,0.10943786054849625,0.07719692587852478,0.06449572741985321,0.001573066576384008,0.13755080103874207,0.0737098753452301,0.06249701604247093,0.0,0.0,0.0,0.0,63,0.48215081162795714,23,20,20,4980.166015625,-0.16975373029708862,0.09380298852920532,0.09047093987464905,50,8,2,-2,7,7,-0.002953097857556458
g7856.t2,A0A221STJ7,0.8435,40.7,1,230,3.8043823446891203,55,19,156,54686.890625,0.12524494528770447,0.064219631254673,0.7851603031158447,0.6247646808624268,0.16039571166038513,97,10,0,27,30,63,29,34,0.5217391304347826,0.013677322305738926,0.009931867010891438,0.0017942291451618075,0.05324403569102287,0.008034828118979931,0.009011889807879925,0.034134119749069214,0.0008260050090029836,0.08624690026044846,0.02537505142390728,0.02034900337457657,0.10715168714523315,,0.02266499772667885,0.004658338613808155,0.0035907665733247995,0.02143891528248787,0.5385177135467529,0.039352286607027054,1,95,1.7127206232371073,29,15,51,17661.5,0.17986923456192017,0.13535679876804352,0.6357851624488831,0.534155547618866,0.10162962973117828,69,2,0,0,12,17,5,12,0.37894736842105264,0.03471074253320694,0.04898879677057266,0.04967353120446205,0.009922896511852741,0.03960167244076729,0.0,0.0007307524792850018,0.019252484664320946,0.0791357234120369,0.024628430604934692,0.011692038737237453,0.00493257911875844,0.4844820499420166,0.0422988161444664,0.022493911907076836,0.05810307711362839,0.03852340579032898,,0.009865159168839455,0.020963968709111214,,135,2.091661721452013,26,4,105,37025.390625,-0.0546242892742157,-0.07113716751337051,0.14937514066696167,28,8,0,27,18,22,0.14279176201372995
g6110.t1,A0A221STS8,0.8386,27.5,1,156,2.0199289067783317,59,12,85,20548.259765625,0.20809006690979004,0.09770672023296356,0.647406816482544,0.5534389019012451,0.09396795183420181,114,24,0,78,20,25,8,17,0.28205128205128205,0.0021482014562934637,0.025212660431861877,0.05045280233025551,0.043024882674217224,0.011075207963585854,0.018989024683833122,0.010363508015871048,0.015074193477630615,0.23459652066230774,0.046796299517154694,0.001081260503269732,0.05094306915998459,0.0,0.010520529933273792,0.032253630459308624,0.00692641269415617,0.009182010777294636,0.3188423812389374,0.04897748678922653,1,126,2.2559374109613746,61,6,59,20479.982421875,0.14736191928386688,0.16243982315063477,0.6901982426643372,0.5811507701873779,0.10904747247695923,95,17,0,2,19,27,9,18,0.42063492063492064,0.0614030696451664,0.0,0.29152777791023254,0.005696317180991173,0.012288614176213741,0.02725093625485897,0.0233450997620821,0.059454552829265594,0.07031510025262833,0.024203678593039513,0.0226866714656353,0.007877317257225513,0.289622962474823,0.03445041924715042,0.0387323759496212,0.015855303034186363,0.015289771370589733,0.06353987008333206,,,,30,-0.23600850418304287,-2,6,26,68.27734375,0.06072814762592316,-0.0647331029176712,-0.04279142618179321,19,7,0,76,1,-1,-0.1385836385836386
g9379.t2,A0A221T131,0.8333,15.9,1,495,2.6409849150514453,182,137,176,36173.89453125,0.3522472381591797,0.2384823113679886,0.39554697275161743,0.19335544109344482,0.2021915167570114,479,57,25,277,-6,20,23,-3,0.19393939393939394,0.038432784378528595,0.07656572759151459,0.0478607676923275,0.0319378599524498,0.07739261537790298,0.01510600559413433,0.054320015013217926,0.05788903310894966,0.08961115777492523,0.013723519630730152,0.05194436013698578,0.17025364935398102,0.0034008254297077656,0.019180526956915855,0.04067311808466911,0.035983916372060776,0.006793820299208164,0.10374429821968079,0.0651860311627388,1,418,2.2746831359304975,164,120,134,25198.3515625,0.22081391513347626,0.3406296968460083,0.3912251889705658,0.24883276224136353,0.14239244163036346,413,58,0,31,-5,22,18,4,0.18899521531100477,0.10523171722888947,0.04733114317059517,0.22098752856254578,0.04046674817800522,0.014445834793150425,0.0005005066632293165,0.016075000166893005,0.07571280002593994,0.07378798723220825,0.04019070416688919,0.06178487837314606,0.0017692887922748923,0.02784523367881775,0.008530016988515854,0.06860444694757462,0.009167672134935856,0.1596544086933136,0.0,0.02791401371359825,0.0,,77,0.36630177912094775,18,17,42,10975.54296875,0.13143332302570343,-0.10214738547801971,0.004321783781051636,66,-1,25,246,-1,-7,0.0049441786283891676
g11348.t1,A0A221SST1,0.8326,27.2,1,1371,4.040746963869525,618,215,538,69696.5625,0.16187533736228943,0.30623045563697815,0.5183209180831909,0.29596632719039917,0.22235460579395294,1261,161,33,793,8,63,57,6,0.1436907366885485,0.0003208930429536849,0.018090473487973213,0.038034599274396896,0.03781687095761299,0.08076915144920349,0.06092727929353714,0.06974592059850693,0.00461569894105196,0.09567075967788696,0.013573331758379936,0.10401840507984161,0.18453772366046906,0.0,0.017096899449825287,0.00828666053712368,0.0052310992032289505,0.01724994368851185,0.2002955675125122,0.03747911378741264,1,514,2.1747017946558103,190,124,200,24547.26171875,0.40169408917427063,0.17806284129619598,0.3849489688873291,0.22566671669483185,0.15928226709365845,497,86,2,11,-2,24,20,4,0.17898832684824903,0.21484220027923584,0.0352940671145916,0.22566673159599304,0.015228493139147758,0.035775430500507355,0.0,0.0,0.022111020982265472,0.09668992459774017,0.06754466146230698,0.1134505495429039,0.0031186528503894806,0.0,0.0,0.06259233504533768,0.01939144916832447,0.07317867130041122,0.006239687092602253,0.01511585246771574,0.0,0.0,857,1.8660451692137148,428,91,338,45149.30078125,-0.2398187518119812,0.12816761434078217,0.13337194919586182,764,75,31,782,10,2,-0.03529759015970052
g4920.t3,A0A221SX41,0.832,20.9,1,306,2.604009486701002,189,12,105,27151.58203125,0.2725813686847687,0.2720043957233429,0.365825355052948,0.19576531648635864,0.17006005346775055,289,39,0,370,-3,18,16,2,0.238562091503268,0.0025655936915427446,0.023113135248422623,0.07191739976406097,0.06889481842517853,0.10202746093273163,0.05269097909331322,0.05768044292926788,0.023242807015776634,0.0503905825316906,0.08958885073661804,0.03564074635505676,0.10116522759199142,0.0,0.03566858917474747,0.06758397817611694,0.005709104705601931,0.004018700681626797,0.14537473022937775,0.03250988945364952,1,435,3.036786135026555,294,21,120,31227.9296875,0.23550847172737122,0.19405198097229004,0.48604750633239746,0.22555945813655853,0.2604880928993225,463,64,0,211,-10,28,30,-2,0.21839080459770116,0.05850277096033096,0.08439209312200546,0.1370418816804886,0.04237471893429756,0.010599812492728233,0.01673823595046997,0.007070035673677921,0.04478882625699043,0.1737269163131714,0.036797989159822464,0.05150339752435684,0.03233285993337631,0.08851756155490875,0.01661248318850994,0.08676114678382874,0.037993282079696655,0.04640793800354004,0.030216941609978676,0.0,0.027838116511702538,0.0,-129,-0.43277664832555285,-105,-9,-15,-4076.34765625,0.03707289695739746,0.07795241475105286,-0.12022215127944946,-174,-25,0,159,7,4,0.020171286905566826
g4920.t1,A0A221SX41,0.8176,20.2,1,691,3.2956773349744206,356,91,244,41215.2421875,0.24952644109725952,0.30071085691452026,0.39141762256622314,0.16602657735347748,0.22539103031158447,648,78,1,542,-17,28,34,-6,0.16931982633863965,0.0017612959491088986,0.01040837075561285,0.030961602926254272,0.08881552517414093,0.12335844337940216,0.07454370707273483,0.05118047073483467,0.06613831222057343,0.03990154340863228,0.058345068246126175,0.034502699971199036,0.13657550513744354,0.004122856538742781,0.0365510992705822,0.029292721301317215,0.008359969593584538,0.02486160583794117,0.1261250376701355,0.03929081931710243,1,435,3.036786135026555,294,21,120,31227.9296875,0.23550847172737122,0.19405198097229004,0.48604750633239746,0.22555945813655853,0.2604880928993225,463,64,0,211,-10,28,30,-2,0.21839080459770116,0.05850277096033096,0.08439209312200546,0.1370418816804886,0.04237471893429756,0.010599812492728233,0.01673823595046997,0.007070035673677921,0.04478882625699043,0.1737269163131714,0.036797989159822464,0.05150339752435684,0.03233285993337631,0.08851756155490875,0.01661248318850994,0.08676114678382874,0.037993282079696655,0.04640793800354004,0.0149033572524786,0.0,0.027838116511702538,0.0,256,0.2588911999478656,62,70,124,9987.3125,0.014017969369888306,0.10665887594223022,-0.09462988376617432,185,14,1,331,-7,-4,-0.04907097825906151
g17828.t1,A0A221T1E5,0.8171,24.1,1,350,2.0061134840051293,149,57,144,22926.57421875,0.16255256533622742,0.2272518277168274,0.5911124348640442,0.43749895691871643,0.15361353754997253,343,69,18,265,2,32,20,12,0.1657142857142857,0.003796606557443738,0.019414860755205154,0.10086952149868011,0.0651746317744255,0.05220900475978851,0.011233043856918812,0.06220117211341858,0.011821647174656391,0.10735081136226654,0.01908307708799839,0.014363600872457027,0.08843888342380524,0.0,0.003364779520779848,0.00014073390047997236,0.023146413266658783,0.025430241599678993,0.3301481604576111,0.05790165439248085,1,330,1.908942466138676,146,57,127,20858.70703125,0.3585946559906006,0.30263152718544006,0.3165254294872284,0.23841343820095062,0.07811198383569717,330,38,1,166,2,17,11,6,0.20606060606060606,0.04888729006052017,0.0222482830286026,0.2300204336643219,0.05271017178893089,0.05262747406959534,0.003557774005457759,0.027402138337492943,0.022580603137612343,0.04264501854777336,0.024141084402799606,0.153757706284523,0.008029071614146233,0.008393012918531895,0.06351414322853088,0.035466961562633514,0.0592200830578804,0.11228340864181519,0.003911109641194344,0.028493445366621017,0.004021831322461367,0.0,20,0.09717101786645332,3,0,17,2067.8671875,-0.19604209065437317,-0.07537969946861267,0.2745870053768158,13,31,17,99,0,6,-0.04034632034632035
g14897.t1,A0A221T200,0.8102,23.3,1,192,2.1713683709361433,104,3,85,23644.66796875,0.36279749870300293,0.3186495900154114,0.31122565269470215,0.26097410917282104,0.050251543521881104,186,11,2,239,8,14,5,9,0.3125,0.0573037751019001,0.09234904497861862,0.13215720653533936,0.04998484253883362,0.08968473225831985,0.020753905177116394,0.009279265068471432,0.048700589686632156,0.26097410917282104,0.007327308412641287,0.05359147861599922,0.0002666974032763392,0.0013802926987409592,0.06594612449407578,0.00941572617739439,0.0,0.021081967279314995,,0.0751633420586586,1,289,3.0650037618319956,137,30,122,29252.271484375,0.24566708505153656,0.3334277272224426,0.42090514302253723,0.34049859642982483,0.0804065465927124,251,20,0,118,9,25,15,10,0.28027681660899656,0.0975421667098999,0.0,0.2982451915740967,0.03456548601388931,0.003309021471068263,0.0093755591660738,0.010074392892420292,0.04254269227385521,0.03111313097178936,0.042876895517110825,0.09839221835136414,0.02458413876593113,0.04225340113043785,0.040083181113004684,0.04929341748356819,0.011140371672809124,0.16328509151935577,0.004639632534235716,0.0003309021412860602,0.0009927063947543502,0.0,-97,-0.8936353908958523,-33,-27,-37,-5607.603515625,0.11713041365146637,-0.01477813720703125,-0.10967949032783508,-65,-9,2,121,-1,-1,0.03222318339100344
g17056.t1,A0A221T0A5,0.8061,19.9,1,303,1.9716711723186628,137,56,110,22106.390625,0.1592468023300171,0.2542554438114166,0.5650888085365295,0.40231066942214966,0.1627781242132187,286,29,0,224,8,28,16,12,0.20462046204620463,0.0011676428839564323,0.0002919107209891081,0.01847018674015999,0.028400029987096786,0.08480876684188843,0.09541546553373337,0.04145132005214691,0.004372005350887775,0.00201729079708457,0.02140888385474682,0.04054427146911621,0.1343781054019928,,0.04416033625602722,0.0008757321047596633,0.00014262780314311385,0.014874137006700039,0.4002934396266937,0.06692787259817123,1,300,1.9754518668036725,130,54,116,21700.6875,0.3280279338359833,0.24333778023719788,0.42449939250946045,0.27749407291412354,0.14700531959533691,309,34,0,98,0,16,18,-2,0.2,0.08683594316244125,0.004134878050535917,0.246856227517128,0.04791753739118576,0.02408003620803356,0.01189472433179617,0.0,0.10318393260240555,0.07172839343547821,0.02671859785914421,0.10516322404146194,0.0341663584113121,0.030637824907898903,0.016083884984254837,0.0752769336104393,0.06544160097837448,0.04943382367491722,0.0,0.00044605217408388853,0.0,0.0,3,-0.003780694485009617,7,2,-6,405.703125,-0.1687811315059662,0.01091766357421875,0.1405894160270691,-23,-5,0,126,8,14,0.004620462046204615
g5810.t1,A0A221SVZ5,0.8044,24.1,1,286,4.760696534554028,154,64,68,41607.51171875,0.2975045442581177,0.12626266479492188,0.5548347234725952,0.39033520221710205,0.16449955105781555,239,17,0,101,4,35,28,7,0.40559440559440557,0.025668125599622726,0.12025047838687897,0.02402600646018982,0.029118681326508522,0.05405502766370773,0.024569358676671982,0.024970201775431633,0.007056795991957188,0.162702739238739,0.021397991105914116,0.00972498208284378,0.13538087904453278,,0.040086355060338974,0.02512529492378235,0.0060623399913311005,0.007824952714145184,0.22763244807720184,0.04294787719845772,1,314,5.616854195168662,151,58,105,51540.078125,0.33149874210357666,0.26582181453704834,0.39927196502685547,0.2660372257232666,0.13323473930358887,246,28,0,22,4,32,26,6,0.43312101910828027,0.03703203424811363,0.003407431300729513,0.1598806530237198,0.05784373730421066,0.10530319809913635,0.0228754710406065,0.0009788066381588578,0.035032641142606735,0.09050575643777847,0.011724860407412052,0.06182003393769264,0.04200885072350502,0.10615654289722443,0.03757511451840401,0.04272898659110069,0.03829451650381088,0.12266667187213898,0.011399439536035061,0.010204235091805458,0.013960393145680428,,-28,-0.8561576606146337,3,6,-37,-9932.56640625,-0.033994197845458984,-0.13955914974212646,0.15556275844573975,-7,-11,0,79,0,1,-0.027526613513874698
g11518.t1,A0A221STK0,0.8038,28.7,1,504,2.747106705455714,140,150,214,39000.6640625,0.17374926805496216,0.16099058091640472,0.6454048156738281,0.5154024362564087,0.13000236451625824,432,44,12,266,12,41,25,16,0.19246031746031747,0.024240046739578247,0.03680943697690964,0.022455858066678047,0.019500738009810448,0.032898642122745514,0.03988640755414963,0.03959749639034271,0.0005791138391941786,0.10403674840927124,0.019855313003063202,0.02609654888510704,0.11050163954496384,0.0005865145358256996,0.03726432844996452,0.0004963832907378674,0.0008178747957572341,0.03824875131249428,0.4113657474517822,0.034762486815452576,1,405,2.1487202376207066,100,143,162,24835.365234375,0.19789651036262512,0.1655714511871338,0.6313858032226562,0.2187533676624298,0.41263243556022644,372,60,0,176,-17,19,36,-17,0.1728395061728395,0.07326842099428177,0.005146300885826349,0.08137401193380356,0.018527429550886154,0.008553816005587578,0.0016652308404445648,0.0019043323118239641,0.04091724753379822,0.24723564088344574,0.04893239960074425,0.032290197908878326,0.00012991740368306637,0.13737937808036804,0.012765496037900448,0.16539673507213593,0.07042627036571503,0.042524553835392,0.0,0.011562648229300976,0.0,0.0,99,0.5983864678350073,40,7,52,14165.298828125,-0.024147242307662964,-0.004580870270729065,0.014019012451171875,60,-16,12,90,29,33,0.019620811287477974
g17056.t1,A0A221T0Z6,0.7994,25.3,1,303,1.9716711723186628,137,56,110,22106.390625,0.1592468023300171,0.2542554438114166,0.5650888085365295,0.40231066942214966,0.1627781242132187,286,29,0,224,8,28,16,12,0.20462046204620463,0.0011676428839564323,0.0002919107209891081,0.01847018674015999,0.028400029987096786,0.08480876684188843,0.09541546553373337,0.04145132005214691,0.004372005350887775,0.00201729079708457,0.02140888385474682,0.04054427146911621,0.1343781054019928,,0.04416033625602722,0.0008757321047596633,0.00014262780314311385,0.014874137006700039,0.4002934396266937,0.06692787259817123,1,297,1.8822137119101185,131,57,109,20073.1953125,0.302625834941864,0.24341146647930145,0.44773420691490173,0.24271392822265625,0.20502027869224548,287,38,0,42,-3,19,17,2,0.20875420875420875,0.08890550583600998,0.006228512618690729,0.23468731343746185,0.050192538648843765,0.009797751903533936,0.0,0.0,0.013578029349446297,0.16080908477306366,0.08778880536556244,0.1731845736503601,0.03026190772652626,0.008026599884033203,,0.04421120882034302,0.0004761036252602935,0.0918520987033844,0.0,0.0,0.0,0.0,6,0.0894574604085443,6,-1,1,2033.1953125,-0.14337903261184692,0.010843977332115173,0.11735460162162781,-1,-9,0,182,11,10,-0.004133746708004121
g9582.t1,A0A221SY79,0.7908,39.0,1,662,2.455538719520821,225,162,275,30119.490234375,0.21166224777698517,0.25988298654556274,0.48219841718673706,0.3267870843410492,0.15541133284568787,642,84,28,886,-3,28,24,4,0.13897280966767372,0.008881594054400921,0.008884035982191563,0.04229828715324402,0.04606310650706291,0.0967920646071434,0.07792972773313522,0.09702692180871964,0.013570665381848812,0.1548219472169876,0.04625634476542473,0.023203903809189796,0.10934823006391525,0.0,0.04066315293312073,0.015077739953994751,0.0034765054006129503,0.016182510182261467,0.171965092420578,0.019952263683080673,1,634,2.4604355259754094,199,167,268,33261.8828125,0.21191909909248352,0.27195867896080017,0.5005554556846619,0.22395466268062592,0.27660077810287476,596,103,2,386,-16,26,36,-10,0.13564668769716087,0.04809996113181114,0.015566756017506123,0.17844192683696747,0.014660312794148922,0.020672671496868134,0.022893019020557404,0.0018958552973344922,0.10962823033332825,0.18690189719200134,0.05921603739261627,0.04231538996100426,0.0036330868024379015,0.04551273584365845,0.003903419943526387,0.0896988958120346,0.07027502357959747,0.08265479654073715,0.007605865132063627,0.0009700432419776917,0.003059907117858529,0.0,28,-0.004896806454588454,26,-5,7,-3142.392578125,-0.00025685131549835205,-0.012075692415237427,-0.018357038497924805,46,-19,26,500,13,14,0.003326121970512852
g18246.t1,A0A221STU7,0.7868,28.9,1,151,2.024442043339488,36,36,79,22806.216796875,0.25544631481170654,0.16739384829998016,0.5771598219871521,0.4468950033187866,0.13026483356952667,100,8,3,38,9,21,10,11,0.304635761589404,0.0022636258509010077,0.045976672321558,0.029125316068530083,0.060714833438396454,0.03285219520330429,0.07055679708719254,0.06391150504350662,0.0,0.2552477717399597,0.0,0.0004244298324920237,0.06955000758171082,0.0,0.03732724487781525,0.019757898524403572,0.026162164285779,0.008272933773696423,0.1916472464799881,0.08620937913656235,1,131,1.8817002647161178,37,36,58,20213.984375,0.28130215406417847,0.2154969424009323,0.46254411339759827,0.40216830372810364,0.06037583947181702,103,9,0,6,14,19,4,15,0.32061068702290074,0.09691565483808517,0.04065682366490364,0.13016019761562347,0.03481011092662811,0.0,0.0120396064594388,0.0277941282838583,0.023524928838014603,0.030079249292612076,0.02492985874414444,0.04261840879917145,0.004614409524947405,0.27200812101364136,0.06743655353784561,0.03029659204185009,0.11825042217969894,0.01016589067876339,,0.0,0.006863638758659363,0.026835452765226364,20,0.14274177862337023,-1,0,21,2592.232421875,-0.025855839252471924,-0.04810309410095215,0.11461570858955383,-3,-1,3,32,-5,-4,-0.015974925433496767
g11355.t1,A0A221SVN5,0.7859,20.0,1,220,1.9654968528649903,71,52,97,21077.068359375,0.1808115839958191,0.2630024552345276,0.5548344254493713,0.38975587487220764,0.1650785505771637,198,26,3,112,3,21,14,7,0.24545454545454545,0.0,0.0024493320379406214,0.06796625256538391,0.11149974912405014,0.06190674751996994,0.05743618682026863,0.08545439690351486,0.001530832494609058,0.04430197551846504,0.0013515488244593143,0.023420779034495354,0.05357879400253296,0.0071318200789391994,0.013777492567896843,0.0,0.041010912507772446,0.004129758104681969,0.3454539477825165,0.07759951055049896,1,165,1.547568339871944,56,46,63,17302.662109375,0.2659589648246765,0.23896852135658264,0.45193392038345337,0.2535955011844635,0.19833841919898987,147,20,1,73,-4,16,14,2,0.2909090909090909,0.12672731280326843,0.043138593435287476,0.11260241270065308,0.020261039957404137,0.00018647687102202326,0.0,0.06676914542913437,0.032280001789331436,0.09280379116535187,0.07891755551099777,0.042198456823825836,0.004454187583178282,0.14099310338497162,0.01756134442985058,0.1055346354842186,0.09239248931407928,0.023179449141025543,0.0,0.0,0.0,0.0,55,0.41792851299304634,15,6,34,3774.40625,-0.08514738082885742,0.024033933877944946,0.10290050506591797,51,6,2,39,7,5,-0.04545454545454544
g5964.t1,A0A221T0D1,0.7852,20.1,1,257,2.890078713983306,58,49,150,36655.14453125,0.3190099000930786,0.31345880031585693,0.30644720792770386,0.18326003849506378,0.12318716198205948,189,27,4,185,0,20,16,4,0.35019455252918286,0.15617649257183075,0.04506848007440567,0.02295568957924843,0.03492312878370285,0.13569091260433197,0.07365413010120392,0.030544182285666466,0.012675510719418526,0.035541944205760956,0.06108405068516731,0.0,0.08826404064893723,0.050422895699739456,0.008846311829984188,0.019421279430389404,0.01762411557137966,0.013111067935824394,0.14771808683872223,0.046277642250061035,1,157,1.4833460412370332,48,32,77,16096.90234375,0.3505653142929077,0.16919946670532227,0.4643634855747223,0.2264735996723175,0.2378898710012436,148,18,1,114,-4,12,12,0,0.2484076433121019,0.05446893349289894,0.015871703624725342,0.1619778871536255,0.006473024841398001,0.025256091728806496,0.010495638474822044,0.0,0.056464243680238724,0.10033906251192093,0.042192116379737854,0.10943786054849625,0.07719692587852478,0.06449572741985321,0.001573066576384008,0.13755080103874207,0.0737098753452301,0.06249701604247093,0.0,0.0,0.0,0.0,100,1.406732672746273,10,17,73,20558.2421875,-0.0315554141998291,0.14425933361053467,-0.15791627764701843,41,9,3,71,4,4,0.10178690921708095
g7573.t1,A0A221SY81,0.7529,19.5,1,224,2.3156935645587446,90,31,103,28181.84765625,0.2388809472322464,0.19548720121383667,0.5534380078315735,0.35842254757881165,0.19501544535160065,178,23,1,136,17,26,15,11,0.27232142857142855,0.03246041014790535,0.0017926907166838646,0.0638958066701889,0.06146948039531708,0.024010302498936653,0.01507094781845808,0.04024835675954819,0.023236295208334923,0.13468128442764282,0.012193845584988594,0.023083828389644623,0.13354596495628357,0.007536967284977436,0.04516928270459175,0.03788546472787857,0.05140846222639084,0.010480896569788456,0.2237412929534912,0.05808843672275543,1,112,1.3878904247931456,46,25,41,14535.453125,0.17965836822986603,0.24276165664196014,0.5496082901954651,0.41865551471710205,0.13095273077487946,95,6,0,40,13,15,5,10,0.33035714285714285,0.059482868760824203,0.027971655130386353,0.14461219310760498,0.036094941198825836,0.003551642643287778,0.009101084433495998,0.010689658112823963,0.10565929114818573,0.10686483234167099,0.03276510536670685,0.0,0.0,0.27404335141181946,0.043180737644433975,0.024087902158498764,0.10597904771566391,0.014371919445693493,,0.0015437222318723798,,,112,0.927803139765599,44,6,62,13646.39453125,0.05922257900238037,-0.047274455428123474,0.0038297176361083984,83,17,1,96,4,1,-0.0580357142857143
g8636.t1,A0A221STH4,0.7496,19.9,1,257,1.8492381696623434,110,34,113,21964.2421875,0.27565115690231323,0.1656031757593155,0.518928587436676,0.2598102390766144,0.25911828875541687,247,30,5,101,1,17,20,-3,0.2178988326848249,0.0,0.035815875977277756,0.015845034271478653,0.07726766169071198,0.05829489976167679,0.056615378707647324,0.055087484419345856,0.008366599678993225,0.06377439945936203,0.03981710597872734,0.031322259455919266,0.1818506419658661,0.0,0.026367852464318275,0.0,0.0011751996353268623,0.0023503992706537247,0.19603581726551056,0.11909449100494385,1,188,1.6111736160854597,72,36,80,16284.3828125,0.3792976140975952,0.1458645761013031,0.4224714934825897,0.1632256954908371,0.25924578309059143,166,17,0,63,-3,9,16,-7,0.2712765957446808,0.09726104140281677,0.05236632749438286,0.1632256954908371,0.015489618293941021,0.050641871988773346,0.0,0.0,0.006475294940173626,0.20169992744922638,0.07290858775377274,0.12638911604881287,0.06028737500309944,,0.0,0.05754586309194565,0.018116597086191177,0.05099107697606087,0.03091885894536972,0.0017832372104749084,0.02481837011873722,,69,0.23806455357688372,38,-2,33,5679.859375,-0.10364645719528198,0.01973859965801239,0.0964570939540863,81,13,5,38,4,4,-0.05337776305985592
g8636.t1,A0A221SVH1,0.7465,23.4,1,257,1.8492381696623434,110,34,113,21964.2421875,0.27565115690231323,0.1656031757593155,0.518928587436676,0.2598102390766144,0.25911828875541687,247,30,5,101,1,17,20,-3,0.2178988326848249,0.0,0.035815875977277756,0.015845034271478653,0.07726766169071198,0.05829489976167679,0.056615378707647324,0.055087484419345856,0.008366599678993225,0.06377439945936203,0.03981710597872734,0.031322259455919266,0.1818506419658661,0.0,0.026367852464318275,0.0,0.0011751996353268623,0.0023503992706537247,0.19603581726551056,0.11909449100494385,1,237,1.8013700041260248,83,40,114,20158.53125,0.3088090121746063,0.24663180112838745,0.37321826815605164,0.19205538928508759,0.18116284906864166,247,23,0,80,-8,9,14,-5,0.24050632911392406,0.06850457936525345,0.07134099304676056,0.14100302755832672,0.02408706396818161,0.029745355248451233,0.0,0.0,0.028773553669452667,0.1442137062549591,0.04498905688524246,0.12074006348848343,0.012644628994166851,0.05105237290263176,0.023788180202245712,0.03694913163781166,0.0564592219889164,0.1249939575791359,0.03091885894536972,0.01656581461429596,0.004149348475039005,0.0,20,0.047868165536318674,27,-6,-1,1805.7109375,-0.03315785527229309,-0.08102862536907196,0.1457103192806244,0,7,5,21,9,2,-0.02260749642909915
g13714.t1,A0A221SSV9,0.7448,17.1,1,112,4.715270006503892,105,0,7,28262.30859375,0.2417970597743988,0.17250797152519226,0.5824472308158875,0.3861323595046997,0.19631479680538177,121,12,0,8,0,27,25,2,0.7142857142857143,0.010046456940472126,0.07526253908872604,0.010631154291331768,0.07090142369270325,0.04656980559229851,0.012778591364622116,,0.0325368195772171,0.11155176907777786,0.0032478035427629948,0.05410544574260712,0.12541335821151733,0.010242555290460587,0.017467135563492775,0.04577988013625145,0.038066256791353226,0.00011416428606025875,0.27458062767982483,0.06070423871278763,1,115,5.069658083201586,112,0,3,28225.4140625,0.29390567541122437,0.16498732566833496,0.5204249620437622,0.37278398871421814,0.14764097332954407,135,15,0,0,-2,20,20,0,0.7391304347826086,0.05209532752633095,0.02068205177783966,0.3576321005821228,0.03969259187579155,0.07121732085943222,0.03772345930337906,,0.012002918869256973,0.12283673137426376,0.0,0.05503998324275017,0.025899648666381836,0.01515189278870821,0.017381640151143074,0.024804241955280304,0.0418703630566597,0.09591017663478851,,0.010059590451419353,,,-3,-0.3543880766976937,-7,0,4,36.89453125,-0.05210861563682556,0.0075206458568573,0.062022268772125244,-14,-3,0,8,2,2,-0.024844720496894346
g18995.t1,A0A221T0R1,0.7435,18.7,1,179,1.7417721843661573,61,47,71,19546.92578125,0.3295390009880066,0.14910562336444855,0.48805269598960876,0.29835188388824463,0.18970085680484772,158,29,0,190,-1,14,13,1,0.2569832402234637,0.06156987324357033,0.01831864006817341,0.05840430036187172,0.08132703602313995,0.012942974455654621,0.010369095019996166,0.04454490914940834,0.008823282085359097,0.14505217969417572,0.033302661031484604,0.05824337154626846,0.10837382823228836,0.0,0.014030667021870613,0.046867650002241135,0.004411641042679548,0.004734247922897339,0.15329968929290771,0.09073567390441895,1,181,1.7081946399495571,66,49,66,20313.1171875,0.35655391216278076,0.1799769401550293,0.41342470049858093,0.1533818244934082,0.26004287600517273,139,3,0,107,-9,8,16,-8,0.27624309392265195,0.0254144836217165,0.050044357776641846,0.12220451980829239,0.0367807075381279,0.06984637677669525,0.011425653472542763,0.0028591295704245567,0.03289709985256195,0.14808999001979828,0.03297083079814911,0.15763874351978302,0.003808551235124469,0.03117731213569641,0.023371178656816483,0.11195287108421326,0.08158998191356659,0.051097989082336426,0.044648319482803345,0.0,0.006830142345279455,0.0,-2,0.033577544416600213,-5,-2,5,-766.19140625,-0.02701491117477417,-0.03087131679058075,0.07462799549102783,19,26,0,83,8,9,-0.019259853699188256
g5964.t1,A0A221SVN5,0.7415,24.8,1,257,2.890078713983306,58,49,150,36655.14453125,0.3190099000930786,0.31345880031585693,0.30644720792770386,0.18326003849506378,0.12318716198205948,189,27,4,185,0,20,16,4,0.35019455252918286,0.15617649257183075,0.04506848007440567,0.02295568957924843,0.03492312878370285,0.13569091260433197,0.07365413010120392,0.030544182285666466,0.012675510719418526,0.035541944205760956,0.06108405068516731,0.0,0.08826404064893723,0.050422895699739456,0.008846311829984188,0.019421279430389404,0.01762411557137966,0.013111067935824394,0.14771808683872223,0.046277642250061035,1,165,1.547568339871944,56,46,63,17302.662109375,0.2659589648246765,0.23896852135658264,0.45193392038345337,0.2535955011844635,0.19833841919898987,147,20,1,73,-4,16,14,2,0.2909090909090909,0.12672731280326843,0.043138593435287476,0.11260241270065308,0.020261039957404137,0.00018647687102202326,0.0,0.06676914542913437,0.032280001789331436,0.09280379116535187,0.07891755551099777,0.042198456823825836,0.004454187583178282,0.14099310338497162,0.01756134442985058,0.1055346354842186,0.09239248931407928,0.023179449141025543,0.0,0.0,0.0,0.0,92,1.3425103741113622,2,3,87,19352.482421875,0.0530509352684021,0.07449027895927429,-0.1454867124557495,42,7,3,112,4,2,0.05928546162009196
g19521.t1,A0A221T0R1,0.7333,17.2,1,185,1.6168638063228868,69,44,72,19210.61328125,0.2318929135799408,0.18757888674736023,0.5714969635009766,0.3171062171459198,0.254390686750412,162,27,2,86,0,18,17,1,0.24324324324324326,0.0,0.05408197268843651,0.0663510113954544,0.13197417557239532,0.028451839461922646,0.03867923095822334,0.0023513901978731155,0.00033591288956813514,0.057009097188711166,0.009031320922076702,0.02919325977563858,0.12241650372743607,0.003688482102006674,0.0023513901978731155,0.04684452712535858,0.0,0.02121506631374359,0.2600971460342407,0.1254238337278366,1,181,1.7081946399495571,66,49,66,20313.1171875,0.35655391216278076,0.1799769401550293,0.41342470049858093,0.1533818244934082,0.26004287600517273,139,3,0,107,-9,8,16,-8,0.27624309392265195,0.0254144836217165,0.050044357776641846,0.12220451980829239,0.0367807075381279,0.06984637677669525,0.011425653472542763,0.0028591295704245567,0.03289709985256195,0.14808999001979828,0.03297083079814911,0.15763874351978302,0.003808551235124469,0.03117731213569641,0.023371178656816483,0.11195287108421326,0.08158998191356659,0.051097989082336426,0.0005038693198002875,0.0,0.006830142345279455,0.0,4,-0.09133083362667027,3,-5,6,-1102.50390625,-0.12466099858283997,0.007601946592330933,0.15807226300239563,23,24,2,-21,9,9,-0.03299985067940869
g19604.t1,A0A221SV64,0.7266,27.2,1,146,2.028281823110018,60,31,55,21651.3671875,0.2616809010505676,0.17190800607204437,0.5664110779762268,0.47278282046318054,0.09362825006246567,125,21,0,31,19,24,7,17,0.3424657534246575,0.06899753212928772,0.029573988169431686,0.033588483929634094,0.04228275269269943,0.019749173894524574,0.01723228022456169,0.04023614153265953,0.0074982354417443275,0.29168254137039185,,0.017052212730050087,0.05134548991918564,0.0,0.04088226333260536,0.0002980454883072525,0.07961904257535934,0.004666802939027548,0.1811002492904663,0.07419469952583313,1,133,1.9798945883354107,43,29,61,20534.90234375,0.2285301238298416,0.19784076511859894,0.570329487323761,0.48479899764060974,0.08553048968315125,91,11,0,82,18,23,5,18,0.3383458646616541,0.03573852404952049,0.0032996246591210365,0.31790608167648315,0.0033958519343286753,0.03708149492740631,0.01932637207210064,0.05250643193721771,0.02131526544690132,0.05819987133145332,0.02624783292412758,0.043637268245220184,0.0,0.1668929159641266,0.002767335157841444,0.027330612763762474,0.08599007874727249,0.09160804748535156,0.0,0.006756374146789312,,,13,0.04838723477460749,17,2,-6,1116.46484375,0.03315077722072601,-0.025932759046554565,-0.00391840934753418,34,10,0,-51,1,-1,0.004119888763003399
g3990.t1,A0A221STJ3,0.7153,27.6,1,259,2.329165429580628,33,64,162,25688.548828125,0.21137242019176483,0.22488658130168915,0.5184397101402283,0.3705098032951355,0.14792987704277039,177,22,3,88,30,28,10,18,0.22393822393822393,0.008289765566587448,0.051858339458703995,0.044828109443187714,0.05692589655518532,0.03141480311751366,0.016447022557258606,0.040894877165555954,0.011178622953593731,0.17696021497249603,0.04530131816864014,0.0009819116676226258,0.09100398421287537,0.0,0.00600887555629015,0.005643521901220083,0.11067686229944229,0.02053789049386978,0.19354960322380066,0.07305411994457245,1,277,2.2281078496307662,25,77,175,24792.15625,0.12616029381752014,0.19758573174476624,0.6712749004364014,0.5109635591506958,0.16031135618686676,200,32,0,15,33,35,11,24,0.24187725631768953,0.02926967665553093,0.0049790870398283005,0.3065534830093384,0.026320060715079308,0.00039043149445205927,0.005803065374493599,0.017491864040493965,0.022659454494714737,0.12250977754592896,0.0591457225382328,0.03691931068897247,0.039468370378017426,0.20441006124019623,0.04542117938399315,0.03780157119035721,0.00038300672895275056,0.02654745616018772,0.014444288797676563,0.005075609311461449,0.008850821293890476,0.0,-18,0.10105757994986186,8,-13,-13,896.392578125,0.08521212637424469,0.027300849556922913,-0.1528351902961731,-23,-10,3,73,-3,-6,-0.01793903237946559
g18246.t1,A0A221SY81,0.7132,11.3,1,151,2.024442043339488,36,36,79,22806.216796875,0.25544631481170654,0.16739384829998016,0.5771598219871521,0.4468950033187866,0.13026483356952667,100,8,3,38,9,21,10,11,0.304635761589404,0.0022636258509010077,0.045976672321558,0.029125316068530083,0.060714833438396454,0.03285219520330429,0.07055679708719254,0.06391150504350662,0.0,0.2552477717399597,0.0,0.0004244298324920237,0.06955000758171082,0.0,0.03732724487781525,0.019757898524403572,0.026162164285779,0.008272933773696423,0.1916472464799881,0.08620937913656235,1,112,1.3878904247931456,46,25,41,14535.453125,0.17965836822986603,0.24276165664196014,0.5496082901954651,0.41865551471710205,0.13095273077487946,95,6,0,40,13,15,5,10,0.33035714285714285,0.059482868760824203,0.027971655130386353,0.14461219310760498,0.036094941198825836,0.003551642643287778,0.009101084433495998,0.010689658112823963,0.10565929114818573,0.10686483234167099,0.03276510536670685,0.0,0.0,0.27404335141181946,0.043180737644433975,0.024087902158498764,0.10597904771566391,0.014371919445693493,,0.0015437222318723798,,,39,0.6365516185463425,-10,11,38,8270.763671875,0.07578794658184052,-0.07536780834197998,0.02755153179168701,5,2,3,-2,-4,1,-0.025721381267738874
g10564.t1,A0A221STX0,0.7129,21.0,1,216,1.9539862031752204,89,52,75,21133.625,0.13286033272743225,0.1903979778289795,0.6272935271263123,0.5261198878288269,0.10117363929748535,162,13,2,94,19,31,10,21,0.24537037037037038,0.0015267357230186462,0.007633678615093231,0.033213190734386444,0.034186046570539474,0.10983113944530487,0.004274860490113497,0.011297845281660557,0.026100222021341324,0.08942732959985733,0.049448173493146896,0.03187601640820503,0.06698759645223618,0.00046387393376789987,0.024045372381806374,0.0,0.0055584232322871685,0.0051804594695568085,0.43669259548187256,0.06225648894906044,1,233,1.9715279569938986,77,51,105,21693.46875,0.19379550218582153,0.17811319231987,0.6172568798065186,0.3931095600128174,0.22414733469486237,190,20,0,13,6,23,17,6,0.2446351931330472,0.12386246770620346,0.010834356769919395,0.12089263647794724,0.02835245057940483,0.0019335357937961817,0.0,0.0,0.017353419214487076,0.1064179390668869,0.0665166899561882,0.03636172413825989,0.0,0.27221694588661194,0.0005819330108352005,0.11772939562797546,0.030745377764105797,0.06530870497226715,0.0,0.0008924012072384357,,,-17,-0.017541753818678174,12,1,-30,-559.84375,-0.06093516945838928,0.012284785509109497,0.010036647319793701,-28,-7,2,81,13,15,0.0007351772373231646
g17606.t1,A0A221T375,0.7116,22.3,1,220,3.2206613397347494,23,66,131,42491.59375,0.2324582040309906,0.5142225623130798,0.25278764963150024,0.21854369342327118,0.034243978559970856,116,14,0,0,12,22,9,13,0.4636363636363636,0.02739996463060379,0.032718315720558167,0.029839392751455307,0.011035649105906487,0.39679691195487976,0.005662139505147934,0.04303468391299248,0.02923944965004921,0.16335275769233704,0.0005315362941473722,0.055955126881599426,0.023208335041999817,,0.014503346756100655,0.0644838735461235,0.00029681032174266875,0.025672204792499542,0.05519092082977295,0.019581550732254982,1,257,1.9562892256232838,24,143,90,22469.125,0.18307633697986603,0.32652419805526733,0.4889635145664215,0.21435634791851044,0.27460718154907227,207,33,0,1,-2,14,15,-1,0.23346303501945526,0.07302556186914444,0.001435991027392447,0.14172248542308807,0.020177824422717094,0.005900208838284016,0.002441184828057885,0.01566167362034321,0.09891089051961899,0.1777598112821579,0.08077002316713333,0.08032292872667313,0.008462526835501194,0.07263384759426117,0.02366591989994049,0.09684734791517258,0.005743964109569788,0.08733785152435303,0.001497014774940908,0.007179954554885626,0.0,,-37,1.2643721141114657,-1,-77,41,20022.46875,0.04938186705112457,0.1876983642578125,-0.23617586493492126,-91,-19,0,-1,14,14,0.23017332861690837
g17606.t1,A0A221T340,0.6994,23.0,1,220,3.2206613397347494,23,66,131,42491.59375,0.2324582040309906,0.5142225623130798,0.25278764963150024,0.21854369342327118,0.034243978559970856,116,14,0,0,12,22,9,13,0.4636363636363636,0.02739996463060379,0.032718315720558167,0.029839392751455307,0.011035649105906487,0.39679691195487976,0.005662139505147934,0.04303468391299248,0.02923944965004921,0.16335275769233704,0.0005315362941473722,0.055955126881599426,0.023208335041999817,,0.014503346756100655,0.0644838735461235,0.00029681032174266875,0.025672204792499542,0.05519092082977295,0.019581550732254982,1,257,1.8979271833212363,28,142,87,21893.72265625,0.20649626851081848,0.2806839048862457,0.5128198266029358,0.21845294535160065,0.29436686635017395,211,31,0,0,-4,12,16,-4,0.2178988326848249,0.07053658366203308,0.0,0.14591176807880402,0.020647650584578514,0.003094835439696908,0.008905763737857342,0.015329702757298946,0.07119617611169815,0.17047517001628876,0.08733918517827988,0.06694969534873962,0.022544726729393005,0.07254114747047424,0.040481600910425186,0.12389170378446579,0.0,0.04568959400057793,0.001497014774940908,0.03446468710899353,0.0,,-37,1.322734156413513,-5,-76,44,20597.87109375,0.02596193552017212,0.2335386574268341,-0.26003217697143555,-95,-17,0,0,16,17,0.24573753095153872
g4551.t1,A0A221SVW0,0.6821,24.6,1,142,2.1566445379236145,22,46,74,23968.32421875,0.14541013538837433,0.2878069281578064,0.5667829513549805,0.39894524216651917,0.1678377240896225,80,7,0,22,2,18,15,3,0.352112676056338,0.013057857751846313,0.010500133037567139,0.10969148576259613,0.05084813013672829,0.1077684685587883,0.00484621524810791,0.042915232479572296,0.005760913249105215,0.15411272644996643,0.0,0.05800251662731171,0.11698959767818451,,0.0,0.03727666288614273,0.007498238235712051,0.0,0.24483247101306915,0.0358993262052536,1,134,2.3406113040517345,21,47,66,24425.603515625,0.25618642568588257,0.15464337170124054,0.5115842223167419,0.18120382726192474,0.3303804099559784,83,13,0,30,-10,11,17,-6,0.39552238805970147,0.05187150090932846,0.07758596539497375,0.18120382726192474,0.01343130599707365,0.07584687322378159,0.014926948584616184,,0.019952239468693733,0.27910345792770386,0.012578907422721386,0.013719592243432999,0.022579532116651535,0.0,0.026923170313239098,0.05127697438001633,0.05188538134098053,0.08175775408744812,0.0,0.0250984076410532,0.00025817056302912533,,8,-0.1839667661281199,1,-1,8,-457.279296875,-0.11077629029750824,0.13316355645656586,0.055198729038238525,-3,-6,0,-8,12,9,-0.043409712003363465
g19068.t1,A0A221T1P0,0.6803,17.2,1,410,2.6524342760848127,125,95,190,37802.76953125,0.10011668503284454,0.22126884758472443,0.657682478427887,0.5212277173995972,0.1364547610282898,316,43,31,562,14,45,24,21,0.2,0.0008535211090929806,0.012688277289271355,0.10194255411624908,0.026558199897408485,0.03646710142493248,0.051786258816719055,0.004091063514351845,0.011266478337347507,0.09439456462860107,0.020931970328092575,0.006279084365814924,0.10989656299352646,0.0,0.0011949295876547694,0.0030726760160177946,0.010711021721363068,0.014082832261919975,0.4268331527709961,0.050562139600515366,1,313,3.1353056736455587,73,107,133,33825.3828125,0.41203799843788147,0.21297432482242584,0.33551695942878723,0.1969558596611023,0.13856108486652374,217,28,6,103,-1,17,14,3,0.29073482428115016,0.17691564559936523,0.03947075456380844,0.195456862449646,0.09821967780590057,0.07836788147687912,0.0065817940048873425,0.002143912948668003,0.01786123774945736,0.11968844383955002,0.024003606289625168,0.0903976708650589,0.045048780739307404,0.001499003148637712,0.0004671502101700753,0.018872641026973724,0.013963127508759499,0.06482190638780594,0.01638760417699814,0.0007631065091118217,0.0,0.00545683316886425,97,-0.48287139756074593,52,-12,57,3977.38671875,-0.3119213134050369,0.008294522762298584,0.32216551899909973,99,15,25,459,15,18,-0.09073482428115015
g5810.t1,A0A221SV55,0.6763,19.3,1,286,4.760696534554028,154,64,68,41607.51171875,0.2975045442581177,0.12626266479492188,0.5548347234725952,0.39033520221710205,0.16449955105781555,239,17,0,101,4,35,28,7,0.40559440559440557,0.025668125599622726,0.12025047838687897,0.02402600646018982,0.029118681326508522,0.05405502766370773,0.024569358676671982,0.024970201775431633,0.007056795991957188,0.162702739238739,0.021397991105914116,0.00972498208284378,0.13538087904453278,,0.040086355060338974,0.02512529492378235,0.0060623399913311005,0.007824952714145184,0.22763244807720184,0.04294787719845772,1,311,6.007631955987333,188,64,59,50304.890625,0.33601847290992737,0.23905721306800842,0.4249243140220642,0.3021908700466156,0.12273342907428741,270,16,0,43,-1,35,24,11,0.4694533762057878,0.044420305639505386,,0.16471214592456818,0.01323872059583664,0.09433503448963165,0.034635499119758606,0.024361686781048775,0.028509844094514847,0.08697925508022308,0.03799634054303169,0.02802763693034649,0.03251888230443001,0.1374787539243698,0.054520025849342346,0.03575417399406433,0.04234835505485535,0.08043058216571808,0.011399439536035061,0.05954035371541977,0.00019241943664383143,,-25,-1.2469354214333048,-34,0,9,-8697.37890625,-0.03851392865180969,-0.11279454827308655,0.129910409450531,-31,1,0,58,5,-4,-0.06385897061138224
g10910.t1,A0A221SX16,0.6612,13.5,1,353,2.0973131337787545,97,98,158,24941.53515625,0.21020451188087463,0.0971151813864708,0.6702383756637573,0.4509773850440979,0.21926099061965942,322,27,18,158,-4,27,24,3,0.19830028328611898,0.0023256095591932535,0.031441036611795425,0.038695402443408966,0.10738832503557205,0.011291055008769035,0.02361469529569149,0.050486691296100616,0.048811253160238266,0.1674344837665558,0.022441957145929337,0.002401886275038123,0.11187265068292618,0.0,0.0049040489830076694,0.018628470599651337,0.0139326062053442,0.007179520092904568,0.2835428714752197,0.05360740050673485,1,339,2.036189159426406,121,83,135,23733.33984375,0.17739802598953247,0.24756596982479095,0.5606253147125244,0.2703218162059784,0.2903035581111908,318,43,1,31,-7,22,19,3,0.18584070796460178,0.05659868195652962,0.014410693198442459,0.16125629842281342,0.010776813142001629,0.05792311951518059,0.0,0.0010628040181472898,0.04560351371765137,0.13852010667324066,0.06994348019361496,0.0252463947981596,0.025790195912122726,0.10906551778316498,0.0093098608776927,0.15178345143795013,0.0,0.11086949706077576,0.0,0.011839617043733597,0.0,0.0,14,0.0611239743523484,-24,15,23,1208.1953125,0.03280648589134216,-0.15045078843832016,0.10961306095123291,4,-16,17,127,3,0,0.012459575321517202
g14312.t1,A0A221SVN8,0.6592,20.7,1,309,2.905674307403476,95,32,182,40345.015625,0.23261430859565735,0.4831660985946655,0.28295978903770447,0.1173657774925232,0.16559401154518127,198,23,9,130,-5,16,18,-2,0.33980582524271846,7.815056596882641e-05,0.07091832160949707,0.044698383659124374,0.031105749309062958,0.13929307460784912,0.20841585099697113,0.05706486105918884,0.010461987927556038,0.0892835408449173,0.0012598104076460004,0.01483452320098877,0.1344882696866989,0.0,0.03168373182415962,0.04477836191654205,0.050245024263858795,0.025679221376776695,0.028082240372896194,0.01762891560792923,1,248,2.056825286880035,134,33,81,23321.38671875,0.18502585589885712,0.1359708309173584,0.6773746013641357,0.45965033769607544,0.21772421896457672,240,39,0,109,-4,26,22,4,0.2217741935483871,0.07545166462659836,0.0016286445315927267,0.18945008516311646,0.002710252068936825,0.03931974619626999,0.00899284053593874,0.0,0.03611515089869499,0.15534786880016327,0.008275849744677544,0.011621518060564995,0.000138351388159208,0.27020028233528137,0.04668407887220383,0.062376365065574646,0.03970876708626747,0.04218549281358719,0.0,0.009247464127838612,0.0005455125356093049,,61,0.8488490205234407,-39,-1,101,17023.62890625,0.04758845269680023,0.34719526767730713,-0.3944148123264313,-42,-16,9,21,-1,-6,0.11803163169433137
g4920.t3,A0A221SU10,0.6563,20.3,1,306,2.604009486701002,189,12,105,27151.58203125,0.2725813686847687,0.2720043957233429,0.365825355052948,0.19576531648635864,0.17006005346775055,289,39,0,370,-3,18,16,2,0.238562091503268,0.0025655936915427446,0.023113135248422623,0.07191739976406097,0.06889481842517853,0.10202746093273163,0.05269097909331322,0.05768044292926788,0.023242807015776634,0.0503905825316906,0.08958885073661804,0.03564074635505676,0.10116522759199142,0.0,0.03566858917474747,0.06758397817611694,0.005709104705601931,0.004018700681626797,0.14537473022937775,0.03250988945364952,1,464,3.0500279672887847,286,37,141,31788.33203125,0.2882610857486725,0.2485027015209198,0.41375747323036194,0.1884981244802475,0.22525931894779205,481,61,1,66,-11,24,30,-6,0.19827586206896552,0.028064539656043053,0.04947877302765846,0.05695991590619087,0.05872486159205437,0.029958663508296013,0.03565197065472603,0.022493235766887665,0.03762781620025635,0.1215968206524849,0.03533462807536125,0.04715397581458092,0.0035455916076898575,0.13153821229934692,0.04216582700610161,0.10366251319646835,0.083087258040905,0.052156344056129456,0.030216941609978676,0.05785554647445679,0.0029435278847813606,0.0,-158,-0.4460184805877825,-97,-25,-36,-4636.75,-0.01567971706390381,0.023501694202423096,-0.04793211817741394,-192,-22,-1,304,8,8,0.04028622943430246
g11479.t1,A0A221SZY1,0.6538,17.2,1,281,2.330517654540377,53,86,142,31332.375,0.25071844458580017,0.23203732073307037,0.49085092544555664,0.44757992029190063,0.0432710237801075,199,25,2,61,32,31,6,25,0.26334519572953735,0.0,0.07971608638763428,0.01605161838233471,0.005232775118201971,0.1279108226299286,0.028523623943328857,0.04448650777339935,0.0267739649862051,0.1839355081319809,0.026393229141831398,0.03449101001024246,0.03803824633359909,0.0,0.02830422669649124,0.011701932176947594,0.00888865627348423,0.01617160066962242,0.26364439725875854,0.056067679077386856,1,85,1.7212198473833726,16,18,51,17190.1796875,0.2906709909439087,0.17334015667438507,0.518172025680542,0.3784583508968353,0.13971364498138428,51,12,0,0,3,13,9,4,0.49411764705882355,0.03429234400391579,0.017816944047808647,0.3262931704521179,,0.02198992297053337,0.0,0.0,0.043432287871837616,0.09877721965312958,0.03728346899151802,0.008821762166917324,0.05077603831887245,0.052165236324071884,0.006625148467719555,0.040936414152383804,0.13093885779380798,0.0859992504119873,0.003668042365461588,0.0438520573079586,,,196,0.6092978071570043,37,68,91,14142.1953125,-0.03995254635810852,0.0586971640586853,-0.02732110023498535,148,13,2,61,29,21,-0.2307724513292862
g6827.t1,A0A221T3A3,0.6449,19.3,1,176,1.7498201592905276,52,51,73,20316.9375,0.15511298179626465,0.44832873344421387,0.3384191691875458,0.189107283949852,0.14931190013885498,139,9,1,294,-5,11,13,-2,0.3068181818181818,0.0058397878892719746,0.021001840010285378,0.13147804141044617,0.06269726157188416,0.21059846878051758,0.050460465252399445,0.014567132107913494,0.02268820069730282,0.059402916580438614,0.05813911557197571,0.015750225633382797,0.08661463111639023,0.014636454172432423,0.004923130385577679,0.0,0.0,0.025405090302228928,0.12970435619354248,0.08609289675951004,1,158,1.7501764751979747,53,39,66,20159.8046875,0.3161397874355316,0.11496574431657791,0.5645884275436401,0.2913859784603119,0.27320244908332825,114,7,0,43,2,12,12,0,0.25949367088607594,0.03874947503209114,0.004306090995669365,0.24356518685817719,0.017789922654628754,0.06545982509851456,0.0,0.0,0.021268203854560852,0.10270082205533981,0.015680601820349693,0.10204889625310898,0.0004691988870035857,0.04782078415155411,0.012855100445449352,0.17050163447856903,0.07670772075653076,0.04737192392349243,0.0,0.02624795027077198,0.006456723902374506,,18,-0.0003563159074471134,-1,12,7,157.1328125,-0.16102680563926697,0.33336298912763596,-0.22616925835609436,25,2,1,251,-7,-2,0.04732451093210588
g876.t1,A0A221T0A6,0.6192,17.9,1,847,3.979346324272241,442,141,264,57484.609375,0.2534797489643097,0.1771417260169983,0.5284214615821838,0.33655741810798645,0.1918640285730362,741,58,1,377,10,60,42,18,0.18417945690672963,0.018017366528511047,0.0524967797100544,0.038404546678066254,0.031731002032756805,0.06732036918401718,0.03556342050433159,0.02791890688240528,0.016236424446105957,0.056837741285562515,0.040957145392894745,0.0252250786870718,0.1601330041885376,0.0,0.0129297636449337,0.07496751844882965,0.00022195617202669382,0.010406347922980785,0.27971968054771423,0.022636856883764267,1,679,3.4047481695183146,363,121,195,40432.78125,0.31954771280288696,0.23104408383369446,0.40234434604644775,0.27262282371520996,0.1297214925289154,647,75,0,89,-7,29,26,3,0.16494845360824742,0.024759409949183464,0.04706382378935814,0.1980864554643631,0.012483157217502594,0.07579907774925232,0.022104669362306595,0.039421144872903824,0.03490263596177101,0.10991252213716507,0.04293277859687805,0.06599430739879608,0.059960171580314636,0.07453638315200806,0.0037491198163479567,0.019808975979685783,0.047234874218702316,0.0975552499294281,0.028276128694415092,0.015236389823257923,0.008458827622234821,0.0,168,0.5745981547539265,79,20,69,17051.828125,-0.06606796383857727,-0.05390235781669617,0.12607711553573608,94,-17,1,288,17,15,0.019231003298482208
g8731.t1,A0A221STR0,0.619,7.8,1,204,2.1209919773537687,98,32,74,23047.4296875,0.3188368082046509,0.3746495544910431,0.22069133818149567,0.1613880842924118,0.05930325388908386,174,12,50,214,-4,10,11,-1,0.27450980392156865,0.1049969419836998,0.09003928303718567,0.1092865988612175,0.030151188373565674,0.1107187569141388,0.040674541145563126,0.03191268444061279,0.01707950234413147,0.07462335377931595,0.08582233637571335,0.08728010207414627,0.029152069240808487,0.019718466326594353,0.002930339192971587,0.0001399959292029962,0.0,0.006971070077270269,0.08676473051309586,0.06927397102117538,1,220,1.755253205042046,116,29,75,19378.8359375,0.22044183313846588,0.15566568076610565,0.592157781124115,0.17380134761333466,0.41835638880729675,197,24,1,191,-10,13,26,-13,0.2409090909090909,0.055235207080841064,0.031734731048345566,0.1585935801267624,0.003995962906628847,0.0036629659589380026,0.0,0.0,0.06445715576410294,0.3044716715812683,0.006871466059237719,0.08024689555168152,0.004828454926609993,0.015207774937152863,0.0,0.11388470977544785,0.07646831125020981,0.08034110069274902,0.00246406439691782,0.0,0.0,0.0,-16,0.3657387723117227,-18,3,-1,3668.59375,0.098394975066185,0.21898387372493744,-0.3714664429426193,-23,-12,49,23,6,12,0.033600713012477745
g4920.t3,A0A221STN6,0.6161,17.4,1,306,2.604009486701002,189,12,105,27151.58203125,0.2725813686847687,0.2720043957233429,0.365825355052948,0.19576531648635864,0.17006005346775055,289,39,0,370,-3,18,16,2,0.238562091503268,0.0025655936915427446,0.023113135248422623,0.07191739976406097,0.06889481842517853,0.10202746093273163,0.05269097909331322,0.05768044292926788,0.023242807015776634,0.0503905825316906,0.08958885073661804,0.03564074635505676,0.10116522759199142,0.0,0.03566858917474747,0.06758397817611694,0.005709104705601931,0.004018700681626797,0.14537473022937775,0.03250988945364952,1,478,3.1721953140096497,292,35,151,33987.0078125,0.2751406729221344,0.23625430464744568,0.391134113073349,0.18657465279102325,0.20455947518348694,492,54,1,70,-11,27,30,-3,0.20711297071129708,0.0361286960542202,0.09747082740068436,0.11484701186418533,0.028215760365128517,0.058520298451185226,0.04165222495794296,0.013193163089454174,0.0662715882062912,0.10372864454984665,0.033087436109781265,0.0621129609644413,0.0014240203890949488,0.07172764092683792,0.013461750000715256,0.1008308082818985,0.03192625567317009,0.07101093977689743,0.030216941609978676,0.040053483098745346,0.003322714241221547,0.011013692244887352,-172,-0.5681858273086475,-103,-23,-46,-6835.42578125,-0.0025593042373657227,0.03575009107589722,-0.025308758020401,-203,-15,-1,300,8,5,0.0314491207919709
g6827.t1,A0A221T064,0.6086,13.5,1,176,1.7498201592905276,52,51,73,20316.9375,0.15511298179626465,0.44832873344421387,0.3384191691875458,0.189107283949852,0.14931190013885498,139,9,1,294,-5,11,13,-2,0.3068181818181818,0.0058397878892719746,0.021001840010285378,0.13147804141044617,0.06269726157188416,0.21059846878051758,0.050460465252399445,0.014567132107913494,0.02268820069730282,0.059402916580438614,0.05813911557197571,0.015750225633382797,0.08661463111639023,0.014636454172432423,0.004923130385577679,0.0,0.0,0.025405090302228928,0.12970435619354248,0.08609289675951004,1,164,1.7007375396333166,50,56,58,19648.208984375,0.3593887984752655,0.1526123434305191,0.40594279766082764,0.29580986499786377,0.11013291776180267,139,29,1,230,-5,15,11,4,0.2865853658536585,0.03971775993704796,0.08205606788396835,0.29580986499786377,0.01639537140727043,0.02019854262471199,0.004217196721583605,0.0,0.06156865879893303,0.07895218580961227,0.012805088423192501,0.15069085359573364,0.0008210789528675377,,0.011409652419388294,0.031180737540125847,0.08413303643465042,0.05043356865644455,0.0,0.05961032956838608,0.0,0.0,12,0.049082619657210946,2,-5,15,668.728515625,-0.20427581667900085,0.29571639001369476,-0.06752362847328186,0,-20,0,64,0,-6,0.02023281596452331
g5214.t1,A0A221T1Y3,0.6084,14.5,1,500,2.7138689704375536,150,90,260,33522.421875,0.21622774004936218,0.430347740650177,0.3269341289997101,0.2574458718299866,0.06948825716972351,390,33,39,748,12,28,14,14,0.178,0.01087629422545433,0.017832353711128235,0.0885189101099968,0.019789069890975952,0.12786869704723358,0.1533178687095642,0.06580235064029694,0.0022137591149657965,0.051996901631355286,0.026490405201911926,0.026356343179941177,0.04969919100403786,0.0,0.01847318932414055,0.0071225292049348354,0.009690267033874989,0.024595672264695168,0.2054489552974701,0.09390726685523987,1,311,2.0008259415154175,102,99,110,24612.3828125,0.3829883635044098,0.20055259764194489,0.4094008803367615,0.13275589048862457,0.2766449451446533,281,61,3,138,-2,18,20,-2,0.19614147909967847,0.21531352400779724,0.00705817760899663,0.10103270411491394,0.03286677971482277,0.0019574500620365143,0.0,0.0,0.09494535624980927,0.16112270951271057,0.01196504756808281,0.05014341324567795,0.02648107334971428,0.031723205000162125,0.026974570006132126,0.11552225053310394,0.07922933250665665,0.03380085527896881,0.0,0.0,0.009863527491688728,0.0,189,0.7130430289221361,48,-9,150,8910.0390625,-0.1667606234550476,0.22979514300823212,-0.08246675133705139,109,-28,36,610,14,16,-0.018141479099678476
g6827.t1,A0A221SYW9,0.6007,13.9,1,176,1.7498201592905276,52,51,73,20316.9375,0.15511298179626465,0.44832873344421387,0.3384191691875458,0.189107283949852,0.14931190013885498,139,9,1,294,-5,11,13,-2,0.3068181818181818,0.0058397878892719746,0.021001840010285378,0.13147804141044617,0.06269726157188416,0.21059846878051758,0.050460465252399445,0.014567132107913494,0.02268820069730282,0.059402916580438614,0.05813911557197571,0.015750225633382797,0.08661463111639023,0.014636454172432423,0.004923130385577679,0.0,0.0,0.025405090302228928,0.12970435619354248,0.08609289675951004,1,177,1.6242653639115556,61,56,60,17157.44921875,0.22414322197437286,0.29666969180107117,0.4716649353504181,0.2226191610097885,0.24904577434062958,141,20,14,125,-1,12,10,2,0.2655367231638418,0.03267812728881836,0.007522204425185919,0.1836225837469101,0.0434383787214756,0.05218929052352905,0.00018805512809194624,0.0007350710220634937,0.07218138873577118,0.14787490665912628,0.08273366838693619,0.08140213787555695,0.0037611026782542467,0.03899657353758812,0.06279142946004868,0.10117087513208389,0.0475306399166584,0.03478976711630821,0.0,0.006205819081515074,0.00018805512809194624,0.0,-1,0.12555479537897196,-9,-5,13,3159.48828125,-0.06903024017810822,0.1516590416431427,-0.13324576616287231,-2,-11,-13,169,-4,-4,0.04128145865434002
g7473.t1,A0A221ST41,0.5891,14.1,1,403,2.1792119812994346,182,38,183,24762.33984375,0.19215333461761475,0.36432960629463196,0.4430058002471924,0.2776862382888794,0.16531957685947418,393,31,23,330,-2,29,19,10,0.1588089330024814,0.007557431235909462,0.01927259750664234,0.08825060725212097,0.08263196796178818,0.13642433285713196,0.040486596524715424,0.07693509757518768,0.012117949314415455,0.09221215546131134,0.00051129050552845,0.06170612573623657,0.08268758654594421,0.011892983689904213,0.049637340009212494,0.00260601076297462,0.012389617040753365,0.01317933201789856,0.18547409772872925,0.024026917293667793,1,213,1.7032183980774651,105,27,81,19304.25,0.33830496668815613,0.16243982315063477,0.43870165944099426,0.2463008314371109,0.19240084290504456,204,35,0,71,-8,14,16,-2,0.215962441314554,0.06171565130352974,0.06055353209376335,0.2463008016347885,0.0,0.007855662144720554,0.0,0.0,0.06262047588825226,0.09134404361248016,0.0036656868178397417,0.09058649837970734,0.05419912934303284,0.0,0.0,0.10105679929256439,0.09146720916032791,0.07524583488702774,0.0,0.0026132988277822733,0.029867520555853844,0.020907824859023094,190,0.4759935832219695,77,11,102,5458.08984375,-0.14615163207054138,0.2018897831439972,0.00430414080619812,189,-4,23,259,6,12,-0.05715350831207261
g10564.t1,A0A221SSV5,0.5866,12.2,1,216,1.9539862031752204,89,52,75,21133.625,0.13286033272743225,0.1903979778289795,0.6272935271263123,0.5261198878288269,0.10117363929748535,162,13,2,94,19,31,10,21,0.24537037037037038,0.0015267357230186462,0.007633678615093231,0.033213190734386444,0.034186046570539474,0.10983113944530487,0.004274860490113497,0.011297845281660557,0.026100222021341324,0.08942732959985733,0.049448173493146896,0.03187601640820503,0.06698759645223618,0.00046387393376789987,0.024045372381806374,0.0,0.0055584232322871685,0.0051804594695568085,0.43669259548187256,0.06225648894906044,1,117,1.8266402255058098,42,22,53,19086.416015625,0.3424586057662964,0.25772711634635925,0.39981430768966675,0.2571929693222046,0.14262133836746216,83,2,0,0,-3,10,7,3,0.3504273504273504,0.03499601036310196,,0.16915716230869293,0.041099999099969864,0.10033943504095078,0.033490508794784546,0.005159594584256411,0.1070089191198349,0.06381548196077347,0.03206050768494606,0.004057183861732483,0.002028592163696885,0.08803581446409225,0.0018241802463307977,0.07880586385726929,0.11193347722291946,0.07057391852140427,0.0,0.055613383650779724,,,99,0.12734597766941058,47,30,22,2047.208984375,-0.20959827303886414,-0.06732913851737976,0.2274792194366455,79,11,2,94,22,18,-0.10505698005698003
g18228.t1,A0A221SZK7,0.5775,19.6,1,109,1.311509278040779,40,2,67,13364.9365234375,0.1550847440958023,0.39457079768180847,0.450344443321228,0.3810012638568878,0.0693431869149208,86,7,1,85,6,12,6,6,0.3486238532110092,0.0014154886594042182,0.0,0.1772020310163498,0.01108799409121275,0.09290176630020142,0.0,0.06470022350549698,0.0,0.07662849873304367,0.0,0.07758445292711258,0.058255188167095184,0.0,0.0,0.013278030790388584,0.0,0.0468825027346611,0.30437275767326355,0.07569100707769394,1,107,1.4838276464131057,45,4,58,15116.4267578125,0.3786744773387909,0.3128493130207062,0.29182907938957214,0.13147832453250885,0.1603507697582245,88,9,1,39,-3,6,8,-2,0.40186915887850466,0.11200379580259323,0.016647130250930786,0.10321105271577835,0.022819295525550842,0.0,0.06369813531637192,0.006548709701746702,0.08500184118747711,0.025863930583000183,0.12549132108688354,0.0913161113858223,0.029071833938360214,0.028267282992601395,0.021622242406010628,0.1344868540763855,0.08045011013746262,0.051365893334150314,0.0,0.002134463516995311,,0.0,2,-0.1723183683723266,-5,-2,9,-1751.490234375,-0.2235897332429886,0.0817214846611023,0.15851536393165588,-2,-2,0,46,9,8,-0.05324530566749547
g1192.t2,A0A221ST82,0.575,20.1,1,528,3.0033016049495105,275,88,165,35937.41015625,0.2050510048866272,0.22855666279792786,0.5490633249282837,0.34290486574172974,0.20615845918655396,482,72,4,98,1,40,29,11,0.19507575757575757,0.0020649947691708803,0.026889681816101074,0.06867659837007523,0.09518713504076004,0.09464650601148605,0.031925685703754425,0.03644755482673645,0.035880204290151596,0.16088353097438812,0.01732899621129036,0.004246100317686796,0.11097133904695511,0.0,0.04218226671218872,0.00951693207025528,0.0018588202074170113,0.02720293402671814,0.1820213496685028,0.052069373428821564,1,544,2.6581259678311335,289,92,163,35410.3984375,0.27709078788757324,0.15634013712406158,0.5662956237792969,0.22434350848197937,0.3419521749019623,511,95,0,41,-17,31,41,-10,0.18933823529411764,0.05588722974061966,0.0002733558358158916,0.09154405444860458,0.017765767872333527,0.02042067050933838,0.028337884694337845,0.007363989017903805,0.016423916444182396,0.1561557650566101,0.03159208968281746,0.017312534153461456,0.017308378592133522,0.132799431681633,0.051285721361637115,0.18579640984535217,0.048653628677129745,0.03190864995121956,0.0,0.08917045593261719,,,-16,0.34517563711837695,-14,-4,2,527.01171875,-0.07203978300094604,0.07221652567386627,-0.017232298851013184,-29,-23,4,57,18,21,0.0057375222816399285
g12290.t1,A0A221T2W2,0.5718,16.3,1,156,2.478647148409182,61,19,76,28795.35546875,0.46132615208625793,0.18214641511440277,0.3107251226902008,0.270952433347702,0.03977271541953087,98,8,0,84,16,20,5,15,0.391025641025641,0.04446122795343399,0.1173195093870163,0.05270485207438469,0.001991370925679803,0.023854048922657967,0.03657899051904678,0.12069057673215866,0.0,0.1960073560476303,0.045802321285009384,0.053012605756521225,0.03778134286403656,0.008965147659182549,0.008515870198607445,0.08208048343658447,0.0012044596951454878,0.005826297216117382,0.07494505494832993,0.07929869741201401,1,90,1.3453031072093211,53,7,30,14486.591796875,0.25692474842071533,0.15183454751968384,0.5805880427360535,0.46993115544319153,0.11065687984228134,70,3,1,51,4,11,5,6,0.3111111111111111,0.05746340751647949,0.010652747005224228,0.3431098163127899,0.009217407554388046,0.040758926421403885,,0.005663940217345953,0.011799420230090618,0.01915307343006134,0.007349970284849405,0.029622606933116913,0.016182858496904373,0.1268213540315628,,0.09150380641222,0.1108924150466919,0.11780381947755814,0.008959812112152576,0.0020045374985784292,,0.0,66,1.1333440411998608,8,12,46,14308.763671875,0.2044014036655426,0.030311867594718933,-0.26986292004585266,28,5,-1,33,12,9,0.07991452991452991
g18742.t1,A0A221SW62,0.558,12.7,1,141,2.234134233405739,65,33,43,22340.64453125,0.24901485443115234,0.4033357799053192,0.34764936566352844,0.27435845136642456,0.07329091429710388,125,22,0,37,7,20,10,10,0.41134751773049644,0.007221246603876352,0.0957537367939949,0.034425221383571625,0.01820606179535389,0.20961855351924896,0.05549074709415436,0.05540649965405464,0.010772601701319218,0.13486208021640778,,0.03439483046531677,0.055084846913814545,,0.002455224050208926,0.01723221316933632,0.0694064125418663,0.0,0.13949638605117798,0.060173358768224716,1,97,1.4891936223596367,39,34,24,15647.9384765625,0.17633144557476044,0.4158260226249695,0.3719245493412018,0.17888735234737396,0.19303718209266663,75,10,0,0,-1,8,8,0,0.4020618556701031,0.04618795961141586,0.03591802343726158,0.12160267680883408,0.0488007590174675,0.0,0.002268158830702305,0.012291857972741127,0.05953706428408623,0.13823045790195465,0.11130660027265549,0.060827892273664474,0.01587711088359356,0.057284675538539886,0.06790047138929367,0.05480672046542168,0.01799624040722847,0.11598926782608032,,0.03317409008741379,,,44,0.7449406110461021,26,-1,19,6692.7060546875,0.0726834088563919,-0.012490242719650269,-0.02427518367767334,50,12,0,37,8,10,0.00928566206039333
g5802.t1,A0A221T276,0.5221,11.7,1,381,2.08484081288877,206,45,130,25180.6796875,0.23794209957122803,0.32779648900032043,0.3257318139076233,0.20341689884662628,0.12231489270925522,394,29,0,576,-7,13,13,0,0.1889763779527559,0.045231934636831284,0.04770408943295479,0.13177475333213806,0.08505608141422272,0.0985979288816452,0.04941327124834061,0.03856887295842171,0.0046128882095217705,0.04919169843196869,0.10852956026792526,0.031307343393564224,0.0372588150203228,,0.017269117757678032,0.012301036156713963,0.014064920134842396,0.0026382680516690016,0.1542251855134964,0.05400872975587845,1,530,2.5960625015843486,159,105,266,37799.71875,0.3663627803325653,0.2922290861606598,0.29233890771865845,0.14092999696731567,0.15140891075134277,511,81,1,423,-5,18,17,1,0.17547169811320754,0.06662364304065704,0.049069151282310486,0.09310025721788406,0.02860533632338047,0.11667801439762115,0.0,0.0,0.06759174168109894,0.08487210422754288,0.019785238429903984,0.09084311872720718,0.0352897085249424,0.04782972112298012,0.019199317321181297,0.06653682142496109,0.05440454185009003,0.13636642694473267,0.01824544183909893,0.0024384360294789076,8.535900269635022e-05,0.020681029185652733,-149,-0.5112216886955787,47,-60,-136,-12619.0390625,-0.12842068076133728,0.035567402839660645,0.033392906188964844,-117,-52,-1,153,-2,-1,0.013504679839548367
g9256.t2,A0A221T195,0.5155,33.3,1,109,2.8910394727259368,11,10,88,24855.955078125,0.35817721486091614,0.20252755284309387,0.4392951428890228,0.2826054096221924,0.15668974816799164,43,1,9,60,5,12,8,4,0.5412844036697247,0.09021780639886856,0.03401016443967819,0.025871993973851204,0.0360402874648571,0.024542000144720078,0.019597506150603294,0.04784277081489563,0.04673152416944504,0.11526600271463394,0.0,0.04606778547167778,0.12064944207668304,0.02359989657998085,0.037714648991823196,0.02538057044148445,0.029541734606027603,0.03330662101507187,0.16733942925930023,0.07627977430820465,1,62,2.090785103934103,20,10,32,16422.5390625,0.31262829899787903,0.24154342710971832,0.3873489201068878,0.07228658348321915,0.31506234407424927,29,4,6,24,-10,4,13,-9,0.5967741935483871,0.10362018644809723,0.058479439467191696,0.07228658348321915,,0.06585286557674408,0.0009823529981076717,0.07946836203336716,0.11161971837282181,0.26437661051750183,0.0047018569894135,0.10054367035627365,0.004715294577181339,,,0.05068572238087654,0.02298317477107048,0.045753493905067444,0.0,0.00668000103905797,0.007250731345266104,0.0,47,0.8002543687918338,-9,0,56,8433.416015625,0.04554891586303711,-0.03901587426662445,0.05194622278213501,14,-3,3,36,15,13,-0.05548978987866238
g18742.t1,A0A221SXB9,0.5092,12.9,1,141,2.234134233405739,65,33,43,22340.64453125,0.24901485443115234,0.4033357799053192,0.34764936566352844,0.27435845136642456,0.07329091429710388,125,22,0,37,7,20,10,10,0.41134751773049644,0.007221246603876352,0.0957537367939949,0.034425221383571625,0.01820606179535389,0.20961855351924896,0.05549074709415436,0.05540649965405464,0.010772601701319218,0.13486208021640778,,0.03439483046531677,0.055084846913814545,,0.002455224050208926,0.01723221316933632,0.0694064125418663,0.0,0.13949638605117798,0.060173358768224716,1,212,3.0359707520771884,88,49,75,32288.642578125,0.3013785183429718,0.17453892529010773,0.49107927083969116,0.2693770229816437,0.22170224785804749,165,20,0,19,3,29,19,10,0.3867924528301887,0.11441270262002945,0.03300323337316513,0.19537538290023804,0.043089333921670914,0.0,0.012931120581924915,0.012202005833387375,0.015477481298148632,0.18664135038852692,0.014328151009976864,0.05109945312142372,0.018336668610572815,0.07400162518024445,0.014308670535683632,0.035060908645391464,0.10459858179092407,0.07513328641653061,,0.0,,0.0,-71,-0.8018365186714496,-23,-16,-32,-9947.998046875,-0.05236366391181946,0.2287968546152115,-0.14342990517616272,-40,2,0,18,4,0,0.024555064900307733
