gene,KO_ID
g2.t1,K15498
g3.t1,K14834
g4.t1,K03637
g6.t1,K01869
g7.t1,K03178
g7.t2,K03178
g32.t1,K18081
g36.t1,K01464
g36.t2,K01464
g46.t1,K03178
g46.t2,K03178
g46.t3,K03178
g51.t1,K14286
g54.t1,K25166
g57.t1,K11592
g77.t1,K09493
g80.t1,K03242
g85.t1,K07511
g86.t1,K07904
g89.t1,K20689
g91.t1,K12845
g91.t2,K12845
g93.t1,K25730
g95.t1,K03660
g97.t1,K21766
g98.t1,K11490
g99.t1,K17778
g102.t1,K03083
g105.t1,K25079
g108.t1,K17778
g120.t1,K00671
g121.t1,K02995
g122.t1,K02922
g125.t1,K01412
g126.t1,K17700
g127.t1,K08869
g128.t1,K17498
g129.t1,K07942
g145.t1,K23564
g145.t2,K23564
g146.t1,K02937
g146.t2,K02937
g147.t1,K00102
g149.t1,K08656
g178.t1,K02736
g180.t1,K08796
g184.t1,K20776
g186.t1,K06693
g199.t1,K14833
g200.t1,K03671
g201.t1,K19027
g203.t1,K26979
g204.t1,K02183
g206.t1,K10865
g207.t1,K20793
g208.t1,K01519
g209.t1,K00477
g217.t1,K14318
g218.t1,K13431
g221.t1,K14550
g223.t1,K26404
g223.t2,K26404
g224.t1,K09486
g225.t1,K27922
g226.t1,K14861
g227.t1,K10599
g227.t2,K10599
g228.t1,K08336
g229.t1,K26496
g236.t1,K06170
g238.t1,K27411
g241.t1,K14567
g242.t1,K16449
g244.t1,K02969
g245.t1,K10867
g246.t1,K05544
g247.t1,K27398
g248.t1,K10866
g249.t1,K03521
g250.t1,K17260
g251.t1,K04505
g251.t3,K04505
g268.t1,K04366
g269.t1,K11205
g270.t1,K00922
g270.t2,K00922
g285.t1,K02156
g286.t1,K02178
g289.t1,K01869
g291.t1,K11165
g309.t1,K00731
g323.t1,K04427
g329.t1,K17778
g330.t1,K02156
g344.t1,K02178
g362.t1,K01922
g399.t1,K01800
g399.t2,K01800
g399.t3,K02895
g402.t1,K08887
g403.t1,K00232
g404.t1,K20703
g407.t1,K22503
g411.t1,K02882
g411.t2,K02882
g413.t1,K10046
g429.t1,K06689
g430.t1,K01373
g431.t1,K19882
g432.t1,K09572
g435.t1,K06133
g438.t1,K13963
g450.t1,K14862
g452.t1,K15455
g454.t1,K13754
g456.t1,K06874
g457.t1,K20093
g463.t1,K12623
g466.t1,K23205
g467.t1,K16629
g468.t1,K24685
g487.t1,K18764
g491.t1,K13566
g500.t1,K11204
g502.t1,K15698
g512.t1,K05105
g526.t1,K15108
g529.t1,K28124
g530.t1,K03781
g537.t1,K05126
g595.t1,K05110
g677.t1,K00831
g678.t1,K12855
g708.t1,K12132
g712.t1,K10389
g713.t1,K13116
g714.t2,K05115
g716.t1,K04417
g717.t1,K01456
g730.t1,K23164
g730.t2,K23164
g732.t1,K14003
g733.t1,K02865
g734.t1,K23151
g736.t1,K03006
g739.t1,K26499
g744.t1,K18055
g745.t1,K21955
g746.t1,K06675
g747.t1,K15118
g747.t2,K15118
g748.t1,K03320
g750.t1,K23788
g757.t1,K06971
g759.t1,K01974
g762.t1,K14452
g763.t1,K01581
g763.t2,K01581
g766.t1,K13119
g769.t1,K03260
g770.t1,K14799
g770.t2,K14799
g773.t1,K15306
g773.t2,K15306
g775.t1,K05692
g776.t1,K24752
g777.t1,K19478
g779.t1,K14398
g779.t2,K14398
g780.t1,K01176
g783.t1,K02183
g784.t1,K08798
g785.t1,K13240
g788.t1,K01115
g789.t1,K12815
g790.t1,K12472
g790.t3,K20047
g791.t1,K05643
g855.t1,K14786
g856.t1,K02934
g858.t1,K07018
g859.t1,K00767
g862.t1,K03108
g872.t1,K09259
g873.t1,K13507
g874.t1,K10683
g876.t1,K21594
g877.t1,K13709
g878.t1,K07175
g879.t1,K04513
g880.t1,K07175
g882.t1,K00288
g884.t1,K20403
g884.t2,K01054
g887.t1,K03217
g888.t1,K09355
g889.t1,K15623
g931.t1,K20160
g950.t1,K17512
g956.t1,K03267
g957.t1,K05681
g961.t1,K22063
g962.t1,K02146
g964.t1,K11127
g978.t1,K01908
g983.t1,K17080
g984.t1,K10892
g985.t1,K24195
g986.t1,K10739
g986.t2,K10739
g987.t1,K14798
g988.t1,K22073
g989.t1,K14829
g990.t1,K23336
g991.t1,K12625
g992.t1,K25058
g993.t1,K12486
g994.t1,K06927
g1007.t1,K00276
g1008.t1,K19984
g1024.t1,K21768
g1031.t1,K21768
g1032.t1,K13120
g1033.t1,K07512
g1047.t1,K17424
g1047.t2,K17424
g1050.t1,K00109
g1051.t1,K00681
g1053.t1,K24824
g1055.t1,K00997
g1084.t1,K18663
g1086.t1,K24742
g1087.t1,K22128
g1087.t2,K22128
g1090.t1,K00799
g1093.t1,K13350
g1093.t2,K13350
g1098.t1,K12196
g1099.t1,K20222
g1099.t2,K20222
g1114.t1,K07953
g1115.t1,K12823
g1116.t1,K10838
g1118.t1,K22746
g1119.t1,K07360
g1120.t1,K10712
g1126.t1,K24869
g1129.t1,K00276
g1130.t1,K19984
g1132.t1,K01179
g1133.t1,K08564
g1134.t1,K11268
g1146.t1,K20520
g1169.t1,K17257
g1169.t2,K17257
g1170.t1,K20310
g1171.t1,K26095
g1172.t1,K22762
g1173.t1,K04464
g1176.t1,K01868
g1178.t1,K11404
g1237.t1,K10848
g1239.t1,K11835
g1240.t1,K19024
g1259.t1,K08837
g1260.t1,K24470
g1261.t1,K00824
g1263.t1,K17582
g1264.t1,K15437
g1266.t1,K00771
g1270.t1,K03025
g1379.t1,K22857
g1380.t1,K01494
g1390.t1,K08515
g1391.t1,K02938
g1395.t1,K00103
g1397.t1,K14324
g1397.t2,K14324
g1398.t1,K09553
g1400.t1,K10842
g1402.t1,K02977
g1403.t1,K15731
g1416.t1,K20639
g1433.t1,K17686
g1446.t1,K24637
g1455.t1,K00815
g1456.t1,K05868
g1458.t1,K22803
g1467.t1,K24121
g1468.t1,K24929
g1473.t1,K00560
g1474.t1,K00287
g1510.t1,K23012
g1512.t1,K05110
g1513.t1,K20217
g1514.t1,K18695
g1543.t1,K14319
g1573.t1,K06627
g1613.t1,K00021
g1614.t1,K00654
g1618.t1,K08794
g1620.t1,K03120
g1628.t1,K13960
g1632.t1,K00773
g1633.t1,K03164
g1633.t2,K03164
g1642.t1,K19983
g1644.t1,K12164
g1645.t1,K08967
g1646.t1,K05728
g1654.t1,K03327
g1666.t1,K15720
g1666.t2,K15720
g1671.t1,K27922
g1675.t1,K05284
g1677.t1,K23905
g1682.t1,K22210
g1684.t1,K12386
g1690.t1,K00059
g1691.t1,K03941
g1693.t1,K24125
g1694.t1,K05768
g1695.t1,K10370
g1699.t1,K04630
g1700.t1,K06175
g1700.t2,K06175
g1701.t1,K04513
g1703.t1,K15196
g1713.t1,K20299
g1716.t1,K13989
g1719.t1,K07151
g1720.t1,K02260
g1721.t1,K13174
g1731.t1,K10418
g1732.t1,K10251
g1732.t2,K10251
g1733.t1,K16449
g1749.t1,K12353
g1749.t2,K12353
g1792.t1,K03165
g1793.t1,K17506
g1796.t1,K01231
g1798.t1,K12621
g1801.t1,K19716
g1801.t2,K19716
g1802.t1,K09377
g1806.t1,K00286
g1808.t1,K09571
g1815.t1,K00591
g1816.t1,K10205
g1823.t1,K14802
g1853.t1,K14802
g1900.t1,K01148
g1901.t1,K02564
g1903.t3,K08773
g1904.t1,K00548
g1908.t1,K08494
g1909.t1,K20298
g1910.t1,K15104
g1912.t1,K19703
g1915.t1,K09562
g1917.t1,K14012
g1920.t1,K14820
g1935.t1,K23257
g1944.t1,K01647
g1945.t1,K01092
g1950.t1,K11314
g1950.t2,K11314
g1951.t1,K05757
g1952.t1,K15381
g1953.t1,K01930
g1954.t1,K10862
g1955.t1,K10597
g1962.t1,K15014
g1963.t1,K05288
g1966.t1,K26544
g1966.t2,K26544
g1969.t1,K17979
g1971.t1,K16339
g1973.t1,K00058
g1974.t1,K19267
g1976.t1,K10106
g1977.t1,K10450
g1981.t1,K08873
g1982.t1,K14569
g1983.t1,K10413
g1984.t1,K00720
g1986.t1,K17583
g1990.t1,K16055
g1991.t1,K10777
g2023.t1,K03537
g2024.t1,K02891
g2025.t1,K17095
g2025.t2,K17095
g2026.t1,K05756
g2027.t1,K12192
g2034.t1,K02207
g2034.t2,K10575
g2035.t1,K12867
g2036.t1,K12874
g2037.t1,K14307
g2040.t1,K24095
g2050.t1,K06990
g2052.t1,K06268
g2053.t1,K21777
g2056.t1,K28020
g2058.t1,K02960
g2059.t1,K02873
g2061.t1,K24135
g2062.t1,K10837
g2063.t1,K00876
g2063.t2,K00876
g2066.t1,K04527
g2067.t2,K00875
g2069.t1,K10625
g2072.t1,K05105
g2073.t1,K01301
g2074.t1,K17267
g2104.t1,K27887
g2104.t2,K09710
g2113.t1,K24684
g2115.t1,K02979
g2116.t1,K12873
g2117.t1,K12839
g2127.t1,K01099
g2135.t1,K11491
g2136.t1,K10481
g2138.t1,K14328
g2139.t1,K15691
g2140.t1,K24827
g2142.t1,K00726
g2143.t1,K26154
g2145.t1,K05677
g2147.t1,K13886
g2168.t1,K00604
g2168.t2,K00604
g2170.t1,K06691
g2171.t1,K06633
g2172.t1,K00920
g2173.t1,K18466
g2174.t1,K20352
g2176.t1,K16675
g2177.t1,K12392
g2178.t1,K02325
g2180.t1,K14314
g2183.t1,K12868
g2184.t1,K00894
g2185.t1,K13110
g2186.t1,K02876
g2187.t1,K15152
g2188.t1,K15542
g2234.t1,K24456
g2243.t1,K09267
g2246.t1,K18435
g2249.t1,K02888
g2252.t1,K24348
g2253.t1,K26151
g2254.t1,K13121
g2263.t1,K19986
g2268.t1,K08515
g2272.t1,K01535
g2272.t2,K01535
g2272.t3,K03107
g2272.t4,K03107
g2277.t1,K11578
g2281.t1,K03260
g2291.t1,K07375
g2301.t1,K03032
g2309.t1,K11433
g2310.t1,K09571
g2318.t1,K03531
g2320.t1,K15235
g2322.t1,K11446
g2324.t1,K25769
g2324.t2,K25769
g2327.t1,K00091
g2355.t1,K05012
g2357.t1,K01689
g2360.t1,K23612
g2365.t1,K14561
g2366.t1,K10752
g2367.t2,K03247
g2369.t1,K11501
g2371.t2,K00380
g2371.t3,K00380
g2372.t1,K01886
g2375.t1,K00852
g2379.t1,K13250
g2381.t1,K10870
g2385.t1,K14590
g2393.t1,K04417
g2404.t1,K07835
g2404.t2,K07835
g2409.t1,K15255
g2409.t2,K15255
g2412.t1,K10401
g2413.t1,K11795
g2415.t1,K00873
g2417.t2,K24175
g2419.t1,K07188
g2420.t1,K18633
g2421.t1,K18189
g2422.t1,K13117
g2423.t1,K03424
g2424.t1,K14824
g2427.t1,K14724
g2429.t1,K18648
g2429.t2,K18648
g2431.t1,K03099
g2431.t2,K03099
g2432.t1,K20028
g2433.t1,K22747
g2433.t2,K22747
g2440.t1,K24175
g2440.t2,K24175
g2441.t1,K10736
g2443.t1,K01803
g2443.t2,K01803
g2472.t1,K13151
g2518.t1,K04354
g2519.t1,K13141
g2521.t1,K04078
g2522.t1,K14840
g2526.t2,K19951
g2528.t1,K20098
g2532.t1,K24158
g2533.t1,K01255
g2534.t1,K01256
g2535.t1,K07912
g2608.t1,K20032
g2610.t1,K10768
g2612.t1,K11840
g2616.t1,K10290
g2620.t1,K04883
g2630.t1,K00820
g2630.t2,K00820
g2630.t3,K00820
g2634.t1,K28005
g2638.t1,K02516
g2639.t1,K13335
g2641.t1,K03259
g2642.t1,K14565
g2654.t1,K05110
g2666.t1,K26222
g2666.t2,K26222
g2669.t1,K11294
g2670.t1,K08892
g2671.t1,K25100
g2673.t1,K00616
g2673.t2,K00616
g2675.t1,K10755
g2678.t1,K01619
g2709.t1,K07827
g2710.t1,K10994
g2779.t1,K02136
g2780.t1,K17087
g2794.t1,K00668
g2795.t1,K14402
g2829.t1,K00981
g2830.t1,K00500
g2832.t1,K01872
g2843.t1,K16073
g2844.t1,K14693
g2845.t1,K15362
g2845.t2,K15362
g2848.t1,K22991
g2848.t2,K22991
g2849.t1,K26678
g2849.t2,K26678
g2857.t1,K26537
g2857.t2,K26537
g2871.t1,K15443
g2872.t1,K04527
g2873.t1,K02729
g2873.t2,K02729
g2875.t1,K16815
g2876.t1,K13348
g2880.t1,K03135
g2884.t1,K01110
g2885.t1,K01647
g2887.t1,K07555
g2887.t2,K07555
g2888.t1,K08497
g2889.t1,K02433
g2891.t1,K27833
g2892.t1,K20359
g2894.t1,K00922
g2896.t1,K00326
g2898.t1,K24997
g2903.t1,K11377
g2904.t1,K00605
g2904.t2,K00605
g2906.t1,K12778
g2927.t1,K00774
g2928.t1,K13108
g2930.t1,K27905
g2931.t1,K15463
g2932.t1,K10950
g2932.t2,K10950
g2933.t1,K25808
g2935.t1,K08675
g2939.t1,K01581
g2940.t1,K14557
g2944.t1,K09140
g2946.t1,K25186
g2948.t1,K04681
g2949.t1,K28023
g2963.t1,K05110
g2964.t1,K03778
g2965.t1,K07407
g2966.t1,K06963
g2967.t1,K03099
g2968.t1,K01379
g2974.t1,K22420
g2976.t1,K07836
g2978.t1,K00760
g2979.t1,K09659
g2981.t1,K00235
g2985.t1,K03039
g2986.t1,K13703
g2987.t1,K00232
g2993.t1,K01490
g3004.t1,K14319
g3028.t1,K07360
g3074.t1,K00232
g3092.t1,K17576
g3092.t2,K17576
g3188.t1,K24141
g3189.t1,K03141
g3208.t1,K17428
g3212.t1,K25092
g3212.t2,K25092
g3214.t1,K20309
g3215.t1,K20309
g3216.t1,K11853
g3217.t1,K12350
g3220.t1,K13217
g3221.t1,K27312
g3222.t1,K00600
g3222.t2,K00600
g3224.t1,K00599
g3225.t1,K12169
g3228.t1,K02149
g3230.t1,K14313
g3231.t1,K15178
g3231.t2,K15178
g3234.t1,K18328
g3235.t1,K02213
g3236.t1,K02941
g3236.t2,K02941
g3237.t1,K11647
g3237.t3,K11647
g3250.t1,K04711
g3257.t1,K01714
g3258.t1,K23334
g3260.t1,K23919
g3260.t2,K23919
g3268.t1,K27810
g3269.t1,K04382
g3278.t1,K25192
g3278.t2,K25192
g3279.t1,K18081
g3280.t1,K25731
g3285.t1,K05749
g3293.t1,K24637
g3294.t1,K16733
g3297.t1,K19511
g3300.t1,K00025
g3301.t1,K01638
g3302.t1,K01637
g3304.t1,K06184
g3305.t1,K17263
g3305.t3,K17263
g3306.t1,K12562
g3321.t1,K23332
g3322.t1,K10646
g3325.t1,K11663
g3326.t1,K01373
g3328.t1,K19844
g3329.t1,K20072
g3330.t1,K14572
g3387.t1,K25442
g3391.t1,K01373
g3400.t1,K07937
g3401.t1,K00615
g3405.t1,K04688
g3409.t1,K28153
g3409.t2,K28153
g3419.t1,K02725
g3433.t1,K00757
g3434.t1,K03872
g3460.t1,K02555
g3461.t1,K03937
g3462.t1,K03000
g3463.t1,K01196
g3464.t1,K14213
g3464.t2,K14213
g3467.t1,K03132
g3469.t3,K07074
g3470.t1,K14415
g3471.t1,K14827
g3486.t1,K14776
g3489.t1,K23612
g3491.t1,K07890
g3492.t1,K02883
g3493.t1,K08734
g3494.t1,K03019
g3496.t1,K19365
g3497.t1,K17944
g3497.t2,K17943
g3500.t1,K14397
g3501.t1,K02326
g3501.t2,K02326
g3502.t1,K14863
g3503.t1,K11854
g3512.t1,K02915
g3513.t1,K18730
g3513.t2,K18730
g3515.t1,K03789
g3521.t1,K07827
g3524.t1,K01056
g3532.t1,K25167
g3534.t1,K11000
g3541.t1,K23490
g3542.t1,K24956
g3547.t1,K16449
g3634.t1,K14157
g3641.t1,K22562
g3642.t1,K00734
g3643.t1,K00688
g3645.t1,K04797
g3646.t1,K23343
g3648.t1,K11835
g3650.t1,K12373
g3654.t1,K15538
g3655.t1,K10356
g3705.t1,K09522
g3708.t1,K10949
g3709.t1,K17560
g3710.t1,K16449
g3711.t1,K14549
g3734.t1,K12197
g3748.t1,K15456
g3751.t1,K10765
g3753.t1,K01322
g3754.t1,K10141
g3754.t2,K10141
g3755.t1,K10956
g3755.t2,K10956
g3784.t1,K18081
g3785.t1,K15363
g3796.t1,K10456
g3797.t1,K14154
g3798.t1,K23093
g3799.t1,K16576
g3800.t1,K11367
g3800.t2,K11367
g3820.t1,K15139
g3821.t2,K15216
g3823.t1,K09532
g3824.t1,K12177
g3828.t1,K05105
g3832.t1,K14848
g3834.t1,K20346
g3835.t1,K15172
g3848.t1,K03123
g3850.t2,K11121
g3862.t1,K15442
g3864.t1,K24926
g3864.t2,K24926
g3865.t1,K05838
g3867.t1,K23333
g3872.t1,K05955
g3874.t1,K18156
g3875.t1,K26770
g3876.t1,K00294
g3876.t2,K00294
g3876.t3,K00294
g3879.t1,K12820
g3880.t1,K00327
g3882.t1,K17550
g3883.t1,K12451
g3886.t1,K15104
g3888.t1,K14709
g3890.t1,K27320
g3892.t1,K12860
g3893.t1,K17800
g3921.t1,K01431
g3922.t1,K16063
g3927.t1,K12245
g3928.t1,K06678
g3930.t1,K13754
g3930.t2,K13754
g3931.t1,K06692
g3932.t1,K03841
g3936.t1,K10869
g3937.t1,K26392
g3941.t1,K04936
g3942.t1,K12836
g3942.t2,K12836
g3943.t1,K21915
g3949.t1,K12795
g3952.t1,K18066
g3953.t1,K17803
g3955.t1,K09647
g3957.t1,K19613
g3957.t2,K19613
g3959.t1,K21389
g3961.t1,K03341
g4035.t1,K05109
g4075.t1,K13523
g4096.t1,K22614
g4147.t1,K09931
g4151.t1,K09646
g4153.t1,K10882
g4155.t1,K11548
g4156.t1,K02155
g4158.t1,K17824
g4159.t1,K11267
g4159.t2,K11267
g4161.t1,K11345
g4162.t1,K08288
g4162.t2,K08288
g4163.t1,K12736
g4163.t2,K12736
g4163.t3,K12736
g4164.t1,K20826
g4165.t1,K20180
g4165.t2,K20180
g4166.t1,K00927
g4167.t1,K16465
g4168.t1,K10400
g4168.t2,K10400
g4181.t1,K20182
g4183.t1,K01972
g4183.t2,K01972
g4185.t1,K04512
g4186.t1,K11098
g4189.t1,K10484
g4190.t1,K20820
g4192.t1,K02349
g4197.t1,K20473
g4198.t1,K11187
g4199.t1,K20194
g4209.t1,K01809
g4212.t1,K08844
g4217.t1,K01881
g4219.t1,K01867
g4221.t1,K14800
g4224.t1,K14780
g4225.t1,K28167
g4228.t1,K23234
g4229.t1,K14381
g4233.t1,K03868
g4236.t1,K05540
g4247.t1,K14773
g4249.t1,K02880
g4250.t1,K05286
g4251.t1,K07874
g4252.t1,K03504
g4252.t2,K03504
g4257.t1,K22987
g4257.t2,K22987
g4262.t1,K09488
g4264.t1,K15117
g4264.t3,K15117
g4274.t1,K05769
g4275.t1,K14773
g4280.t1,K05011
g4281.t1,K01280
g4282.t1,K00476
g4283.t1,K07407
g4285.t1,K00503
g4287.t1,K00995
g4317.t1,K07360
g4342.t1,K11765
g4343.t1,K02991
g4362.t1,K14559
g4366.t1,K10706
g4367.t1,K20642
g4369.t1,K00088
g4371.t1,K26680
g4372.t1,K15115
g4397.t1,K19023
g4400.t1,K10357
g4402.t1,K00161
g4404.t1,K06947
g4405.t1,K11662
g4406.t1,K20121
g4407.t1,K03234
g4409.t1,K15902
g4410.t1,K04392
g4411.t1,K02984
g4412.t1,K03522
g4412.t2,K03522
g4413.t1,K16219
g4414.t1,K08496
g4415.t1,K07203
g4416.t1,K07561
g4416.t2,K07561
g4418.t1,K01890
g4420.t1,K03950
g4421.t1,K12174
g4483.t1,K14415
g4484.t1,K00913
g4485.t1,K13356
g4489.t1,K15075
g4490.t1,K14847
g4492.t1,K24891
g4492.t2,K24891
g4494.t1,K18592
g4494.t2,K18592
g4506.t1,K04802
g4507.t1,K12195
g4508.t1,K10873
g4511.t1,K01110
g4511.t2,K01110
g4529.t1,K03331
g4530.t1,K23700
g4559.t1,K22579
g4560.t1,K22579
g4562.t1,K05105
g4564.t1,K25318
g4565.t1,K01669
g4566.t1,K08857
g4574.t1,K03681
g4575.t1,K12604
g4581.t1,K04515
g4583.t1,K12844
g4584.t1,K09008
g4600.t1,K08341
g4602.t1,K15033
g4603.t1,K03531
g4604.t1,K20363
g4606.t1,K08739
g4607.t1,K01259
g4607.t2,K01259
g4608.t1,K14085
g4609.t1,K10585
g4611.t1,K25203
g4612.t1,K21922
g4622.t1,K07877
g4628.t1,K13124
g4629.t1,K13247
g4630.t1,K01530
g4633.t1,K10575
g4634.t1,K17433
g4635.t1,K03063
g4635.t2,K03063
g4637.t1,K14850
g4640.t1,K18041
g4641.t1,K18723
g4642.t1,K14947
g4645.t1,K12616
g4648.t1,K27605
g4651.t1,K02875
g4652.t1,K23002
g4653.t1,K01790
g4654.t1,K00923
g4658.t1,K24983
g4659.t1,K23919
g4665.t1,K05607
g4684.t1,K14016
g4685.t1,K00207
g4687.t1,K09489
g4688.t1,K11594
g4695.t1,K06072
g4696.t1,K01611
g4697.t1,K11165
g4697.t2,K11165
g4698.t1,K00750
g4701.t1,K00002
g4701.t2,K00002
g4703.t1,K11795
g4703.t2,K11795
g4704.t1,K17543
g4780.t1,K12881
g4783.t1,K00939
g4793.t1,K23387
g4795.t1,K03926
g4799.t1,K05655
g4802.t1,K26099
g4803.t1,K11339
g4805.t1,K02145
g4806.t1,K14325
g4808.t1,K01482
g4845.t1,K15029
g4846.t1,K03254
g4847.t1,K09424
g4848.t1,K07359
g4859.t1,K14290
g4860.t1,K00799
g4861.t1,K11291
g4862.t1,K20642
g4862.t2,K20642
g4868.t1,K17354
g4869.t1,K06910
g4870.t1,K11752
g4878.t1,K14521
g4879.t1,K01758
g4880.t1,K04533
g4881.t1,K26731
g4887.t1,K22611
g4888.t1,K06948
g4890.t1,K12882
g4890.t2,K12882
g4902.t1,K03099
g4915.t1,K13128
g4915.t2,K13128
g4916.t1,K13282
g4920.t1,K07975
g4923.t1,K20360
g4994.t1,K03281
g5011.t1,K07976
g5011.t2,K07976
g5015.t1,K18617
g5016.t1,K08582
g5016.t2,K08582
g5060.t1,K13718
g5062.t1,K10244
g5100.t1,K05103
g5101.t1,K15264
g5110.t1,K15865
g5111.t1,K10648
g5112.t1,K05105
g5114.t1,K15264
g5115.t1,K05110
g5116.t1,K00863
g5117.t1,K04630
g5118.t1,K10573
g5124.t1,K11129
g5125.t1,K10753
g5125.t3,K10753
g5127.t1,K23390
g5129.t1,K26161
g5134.t1,K03434
g5135.t1,K17890
g5195.t1,K02258
g5196.t1,K20792
g5197.t1,K03514
g5197.t2,K03514
g5198.t1,K14400
g5199.t1,K18461
g5217.t1,K19044
g5224.t1,K13196
g5228.t1,K27706
g5230.t1,K18674
g5245.t1,K06062
g5247.t2,K01177
g5248.t1,K01495
g5250.t1,K05106
g5255.t1,K14137
g5272.t1,K18419
g5282.t1,K15445
g5285.t1,K20405
g5286.t1,K08492
g5287.t1,K18159
g5288.t1,K28199
g5289.t1,K02209
g5290.t1,K26089
g5293.t1,K06628
g5295.t1,K10365
g5296.t1,K10589
g5301.t1,K23710
g5302.t1,K14950
g5318.t1,K13106
g5321.t1,K00868
g5323.t2,K03869
g5324.t1,K04567
g5325.t1,K11855
g5326.t1,K13107
g5327.t1,K05019
g5329.t1,K12191
g5330.t1,K00970
g5332.t1,K20178
g5334.t1,K18643
g5335.t1,K19026
g5336.t1,K13179
g5337.t1,K14050
g5338.t1,K14721
g5343.t1,K00889
g5356.t1,K19787
g5359.t1,K19951
g5359.t2,K19951
g5361.t1,K02830
g5361.t2,K02830
g5362.t1,K00008
g5364.t1,K00134
g5365.t1,K11996
g5388.t1,K07208
g5390.t1,K01245
g5394.t1,K14410
g5394.t2,K14410
g5396.t1,K06709
g5397.t1,K18417
g5398.t1,K19658
g5407.t1,K20402
g5408.t1,K24420
g5408.t2,K24420
g5410.t1,K04615
g5411.t1,K05853
g5411.t2,K05853
g5412.t1,K14788
g5413.t1,K15255
g5415.t1,K12272
g5416.t1,K14686
g5417.t1,K17866
g5418.t1,K09188
g5419.t1,K12613
g5490.t2,K17576
g5516.t1,K19839
g5528.t1,K10771
g5528.t2,K10771
g5528.t3,K10771
g5529.t1,K15979
g5537.t1,K22684
g5537.t2,K22684
g5544.t1,K07178
g5546.t1,K23010
g5546.t2,K23010
g5548.t1,K02918
g5550.t1,K20280
g5555.t1,K00784
g5563.t1,K22390
g5564.t1,K11968
g5653.t1,K01639
g5654.t1,K07937
g5671.t1,K07390
g5672.t1,K15293
g5673.t1,K04712
g5674.t1,K00573
g5675.t1,K20493
g5675.t2,K20493
g5697.t1,K12382
g5698.t1,K12826
g5699.t1,K12876
g5738.t1,K00902
g5740.t1,K24687
g5741.t1,K25102
g5742.t1,K02838
g5742.t2,K02838
g5745.t1,K02998
g5750.t1,K12598
g5751.t1,K02731
g5752.t1,K03038
g5753.t1,K18749
g5755.t1,K03679
g5771.t1,K08740
g5772.t1,K11338
g5803.t1,K11290
g5810.t1,K16672
g5813.t1,K06173
g5814.t1,K06694
g5815.t1,K18163
g5815.t2,K18163
g5819.t1,K25877
g5819.t2,K25877
g5821.t1,K00323
g5822.t1,K00031
g5833.t1,K13698
g5865.t1,K09420
g5866.t1,K13948
g5867.t1,K15707
g5868.t1,K16578
g5869.t1,K02920
g5917.t1,K02738
g5919.t1,K07203
g5921.t1,K19932
g5923.t1,K22145
g5924.t1,K08818
g5924.t2,K08818
g5924.t3,K17822
g5928.t1,K16570
g5928.t2,K16570
g5930.t1,K12607
g5931.t1,K01634
g5931.t2,K01634
g5934.t1,K10609
g5953.t1,K20493
g5955.t1,K23791
g5957.t1,K14319
g6049.t1,K06158
g6087.t1,K14685
g6101.t1,K00968
g6103.t1,K24796
g6105.t1,K03251
g6105.t2,K03251
g6117.t1,K24737
g6123.t1,K17613
g6128.t1,K00804
g6131.t1,K26752
g6134.t1,K12398
g6135.t1,K14822
g6139.t1,K04854
g6174.t1,K12385
g6183.t1,K11126
g6184.t1,K17085
g6184.t2,K17085
g6184.t3,K17085
g6187.t1,K13143
g6190.t1,K14808
g6193.t1,K14778
g6193.t2,K14778
g6212.t1,K18162
g6214.t1,K05126
g6220.t1,K10454
g6256.t1,K22403
g6257.t1,K12864
g6258.t1,K12329
g6259.t1,K27310
g6271.t1,K10732
g6271.t2,K10732
g6292.t1,K22540
g6297.t1,K24940
g6298.t1,K08991
g6298.t2,K08991
g6306.t1,K13963
g6306.t2,K13963
g6336.t1,K20135
g6350.t1,K23490
g6353.t1,K12178
g6365.t1,K08900
g6365.t2,K08900
g6367.t1,K15190
g6368.t1,K28102
g6369.t1,K03353
g6370.t1,K19367
g6386.t2,K07200
g6390.t1,K03099
g6399.t1,K03113
g6404.t1,K08997
g6409.t1,K00799
g6414.t1,K10875
g6416.t1,K12489
g6418.t1,K08065
g6440.t1,K07360
g6443.t1,K08051
g6445.t1,K17878
g6447.t1,K00816
g6448.t1,K08844
g6449.t1,K13993
g6449.t2,K13993
g6464.t1,K22943
g6464.t2,K22943
g6503.t1,K23287
g6504.t1,K10416
g6544.t1,K10606
g6545.t1,K06126
g6546.t1,K05954
g6547.t1,K02208
g6548.t1,K10657
g6549.t1,K11097
g6557.t1,K04362
g6558.t1,K00010
g6559.t1,K11436
g6560.t1,K22068
g6561.t1,K00721
g6562.t1,K22804
g6563.t1,K13167
g6573.t1,K06110
g6636.t1,K01056
g6637.t1,K08794
g6638.t1,K20164
g6639.t1,K12402
g6640.t1,K00457
g6641.t1,K12587
g6642.t1,K12862
g6643.t1,K01810
g6645.t1,K12373
g6646.t1,K13165
g6648.t1,K02868
g6649.t1,K28026
g6649.t2,K28026
g6650.t1,K01409
g6650.t2,K01409
g6651.t1,K04555
g6652.t1,K01192
g6652.t2,K01192
g6655.t1,K11086
g6659.t1,K00943
g6660.t1,K00140
g6673.t1,K10392
g6674.t1,K24760
g6675.t1,K12880
g6677.t1,K01883
g6678.t1,K03064
g6680.t1,K05350
g6683.t1,K01013
g6685.t1,K11418
g6685.t2,K11418
g6691.t1,K23404
g6691.t2,K00060
g6692.t1,K14688
g6694.t1,K01868
g6695.t1,K23905
g6696.t1,K11094
g6700.t1,K27045
g6701.t1,K14819
g6702.t1,K12307
g6703.t1,K20183
g6704.t1,K04799
g6704.t2,K04799
g6706.t1,K03952
g6708.t1,K09849
g6709.t1,K03130
g6710.t1,K15278
g6711.t1,K21249
g6714.t1,K03029
g6718.t1,K10728
g6722.t1,K11274
g6723.t1,K09272
g6724.t1,K05181
g6725.t1,K23080
g6725.t2,K23080
g6728.t2,K22559
g6731.t1,K14297
g6732.t1,K11308
g6734.t1,K21806
g6735.t1,K01610
g6741.t1,K01855
g6743.t1,K03216
g6744.t1,K06685
g6746.t1,K14993
g6750.t1,K20160
g6751.t1,K23801
g6803.t1,K24070
g6805.t1,K24891
g6806.t1,K00705
g6806.t2,K00705
g6807.t1,K15445
g6809.t1,K17610
g6810.t1,K04460
g6811.t1,K13207
g6811.t2,K13207
g6817.t1,K23796
g6818.t1,K23562
g6819.t1,K03469
g6821.t1,K00311
g6822.t1,K02040
g6823.t1,K27288
g6825.t1,K01824
g6827.t1,K26230
g6831.t1,K00643
g6831.t2,K00643
g6832.t1,K01599
g6833.t1,K01749
g6834.t1,K00231
g6836.t1,K02148
g6837.t1,K05767
g6839.t1,K07206
g6840.t1,K03259
g6845.t1,K02328
g6847.t1,K17286
g6850.t1,K20133
g6872.t1,K14570
g6873.t2,K01166
g6874.t1,K03942
g6877.t1,K12811
g6879.t1,K08266
g6893.t1,K10481
g6897.t1,K01127
g6898.t1,K12600
g6900.t1,K03392
g6902.t1,K18442
g6908.t1,K07023
g6909.t1,K13093
g6910.t1,K03351
g6911.t1,K25059
g6912.t1,K03007
g6914.t1,K24887
g6916.t1,K01126
g6948.t1,K01273
g6949.t1,K20756
g6950.t1,K05546
g6951.t1,K24169
g6952.t1,K13187
g6953.t1,K08829
g6955.t1,K18183
g6957.t1,K07198
g6958.t1,K07199
g6959.t1,K23879
g6960.t1,K10699
g6963.t1,K06067
g6963.t2,K06067
g6964.t1,K09531
g6965.t1,K13800
g6966.t1,K00472
g6969.t1,K08331
g6970.t1,K12664
g6971.t1,K07562
g6989.t1,K14836
g6991.t1,K01698
g6993.t1,K23544
g6994.t1,K00113
g6994.t3,K00113
g6995.t1,K18911
g6996.t1,K18912
g6997.t1,K01887
g6998.t1,K13342
g6999.t1,K15448
g7000.t1,K15304
g7001.t1,K12947
g7004.t1,K03142
g7005.t1,K00857
g7012.t1,K01968
g7013.t1,K12626
g7015.t1,K10573
g7018.t1,K07442
g7018.t3,K07442
g7022.t1,K17606
g7023.t1,K27705
g7024.t3,K09503
g7026.t1,K12161
g7029.t1,K01288
g7030.t1,K01873
g7035.t1,K18620
g7037.t1,K05855
g7038.t1,K08098
g7039.t1,K10874
g7043.t1,K12872
g7046.t1,K23785
g7047.t1,K23741
g7051.t1,K01524
g7052.t1,K04565
g7054.t1,K08857
g7054.t2,K08857
g7061.t1,K23922
g7086.t1,K27898
g7087.t1,K09645
g7090.t1,K18620
g7093.t1,K00486
g7093.t2,K00486
g7093.t3,K18463
g7096.t1,K00799
g7097.t1,K15292
g7099.t1,K16186
g7101.t1,K15305
g7115.t1,K23398
g7116.t1,K23287
g7137.t1,K22943
g7138.t1,K20131
g7141.t1,K23026
g7221.t1,K05110
g7227.t1,K20718
g7230.t1,K08851
g7232.t1,K00273
g7236.t1,K20193
g7239.t1,K13348
g7240.t1,K21486
g7248.t1,K00380
g7249.t1,K03010
g7253.t1,K20193
g7257.t1,K00948
g7262.t1,K03495
g7263.t1,K14677
g7268.t1,K10594
g7269.t1,K07375
g7270.t1,K04554
g7271.t1,K01514
g7272.t1,K02936
g7278.t1,K13125
g7279.t1,K02899
g7279.t2,K02899
g7281.t1,K01392
g7281.t2,K01392
g7291.t1,K08073
g7292.t1,K24155
g7293.t1,K11137
g7294.t1,K08736
g7295.t1,K02183
g7298.t1,K00889
g7307.t1,K00452
g7309.t1,K01192
g7312.t1,K23878
g7314.t1,K15181
g7315.t1,K10598
g7318.t1,K11844
g7330.t1,K22817
g7333.t1,K13988
g7350.t1,K00693
g7350.t2,K00693
g7352.t1,K18678
g7353.t1,K13355
g7378.t1,K06671
g7380.t1,K20407
g7381.t1,K03246
g7382.t1,K00850
g7383.t1,K07300
g7385.t1,K08282
g7386.t2,K20300
g7388.t1,K11375
g7390.t1,K06679
g7399.t1,K10901
g7400.t1,K16913
g7401.t1,K24780
g7402.t1,K23295
g7403.t1,K08329
g7406.t1,K00030
g7407.t1,K00803
g7408.t1,K02219
g7410.t1,K11090
g7411.t1,K14810
g7413.t1,K25201
g7414.t1,K12883
g7415.t1,K05111
g7418.t1,K10727
g7420.t1,K11493
g7424.t1,K24317
g7495.t1,K20526
g7496.t1,K11498
g7496.t2,K11498
g7499.t1,K18160
g7500.t1,K09592
g7513.t1,K17081
g7514.t1,K02974
g7515.t1,K13176
g7540.t1,K08151
g7541.t1,K15701
g7542.t1,K10734
g7543.t1,K09650
g7546.t1,K02320
g7549.t1,K14991
g7568.t1,K20704
g7589.t1,K05109
g7633.t1,K00668
g7648.t1,K12491
g7656.t1,K15074
g7659.t1,K01874
g7660.t1,K02981
g7661.t1,K28098
g7663.t1,K05605
g7667.t1,K06972
g7669.t1,K23490
g7670.t1,K13708
g7679.t1,K05728
g7680.t1,K21919
g7681.t1,K00657
g7702.t1,K20526
g7704.t1,K07178
g7705.t1,K15728
g7733.t1,K15033
g7746.t1,K01931
g7749.t1,K23886
g7756.t1,K11252
g7757.t1,K11835
g7758.t1,K11251
g7759.t1,K19525
g7761.t1,K02939
g7762.t1,K00387
g7763.t1,K11254
g7764.t1,K11253
g7765.t1,K01556
g7766.t1,K00543
g7793.t1,K01410
g7799.t1,K10569
g7800.t1,K12373
g7801.t1,K01724
g7802.t1,K01840
g7802.t2,K01840
g7803.t1,K14696
g7804.t1,K20406
g7814.t1,K10863
g7815.t1,K22182
g7816.t1,K04075
g7817.t1,K08869
g7818.t1,K14292
g7822.t1,K03143
g7823.t1,K14408
g7825.t1,K02903
g7827.t1,K25780
g7829.t1,K11885
g7833.t1,K15206
g7834.t1,K01094
g7835.t1,K00025
g7836.t1,K12897
g7848.t1,K03540
g7850.t1,K01530
g7851.t1,K24826
g7853.t1,K20133
g7855.t1,K11801
g7856.t1,K07573
g7856.t2,K07573
g7857.t1,K00477
g7865.t1,K22557
g7866.t1,K04773
g7869.t1,K03768
g7870.t1,K07240
g7878.t1,K08292
g7883.t1,K13513
g7885.t1,K01539
g7892.t1,K01805
g7893.t1,K04370
g7896.t1,K15356
g7902.t1,K08568
g7904.t1,K15116
g7905.t1,K00357
g7907.t1,K23325
g7935.t1,K04370
g7936.t1,K01805
g7955.t1,K12875
g7955.t2,K12875
g7956.t1,K01893
g7963.t1,K20003
g7964.t1,K05283
g7966.t1,K05016
g7967.t1,K19801
g7968.t1,K00527
g7969.t1,K21853
g7971.t1,K21568
g7977.t1,K23790
g7980.t1,K03893
g7981.t1,K15424
g7984.t1,K05106
g7986.t1,K15444
g7987.t1,K01297
g7990.t1,K00525
g7991.t1,K01045
g7992.t1,K07964
g7994.t2,K01070
g7998.t1,K03768
g7999.t1,K07240
g8005.t1,K25769
g8006.t1,K15777
g8008.t1,K23038
g8008.t2,K23038
g8009.t1,K00993
g8014.t1,K11855
g8016.t1,K04459
g8017.t1,K13293
g8019.t1,K01468
g8022.t1,K12737
g8026.t1,K15507
g8031.t1,K04409
g8031.t2,K04409
g8031.t3,K04409
g8032.t1,K01745
g8035.t1,K08150
g8037.t1,K13993
g8039.t1,K02898
g8040.t1,K23570
g8044.t1,K13288
g8045.t1,K11848
g8138.t1,K12878
g8139.t1,K13102
g8141.t1,K23424
g8149.t1,K06685
g8247.t1,K01647
g8250.t1,K03217
g8253.t1,K16587
g8254.t1,K02894
g8255.t1,K18914
g8256.t1,K10875
g8257.t1,K25639
g8258.t1,K03253
g8258.t2,K03253
g8261.t1,K08838
g8262.t1,K26935
g8263.t1,K02321
g8264.t1,K14617
g8265.t1,K22066
g8265.t2,K22066
g8266.t1,K22069
g8281.t1,K06626
g8282.t1,K24928
g8285.t1,K15192
g8286.t1,K08960
g8367.t1,K10746
g8367.t2,K10746
g8368.t1,K21430
g8370.t1,K09866
g8372.t1,K01476
g8372.t2,K01476
g8372.t3,K01476
g8373.t1,K03678
g8375.t1,K22470
g8377.t1,K00645
g8393.t1,K11729
g8394.t1,K23314
g8420.t1,K22989
g8432.t2,K00823
g8433.t1,K00111
g8434.t1,K28021
g8435.t1,K14846
g8436.t1,K03030
g8437.t1,K02905
g8439.t1,K20308
g8443.t1,K08506
g8444.t1,K05678
g8446.t1,K13130
g8447.t1,K14309
g8448.t1,K17917
g8450.t1,K14327
g8451.t1,K11665
g8452.t1,K22823
g8454.t1,K07897
g8455.t1,K13248
g8456.t1,K18170
g8457.t1,K09669
g8458.t1,K06269
g8459.t1,K08770
g8460.t1,K15281
g8499.t1,K24029
g8501.t1,K11434
g8501.t2,K11434
g8505.t1,K23970
g8506.t1,K08776
g8506.t2,K08776
g8506.t3,K08776
g8514.t1,K04411
g8515.t1,K21751
g8516.t1,K06685
g8520.t1,K23332
g8523.t1,K12382
g8524.t1,K12825
g8525.t1,K02912
g8526.t1,K11600
g8531.t1,K20368
g8532.t1,K04459
g8534.t1,K01255
g8539.t1,K16302
g8540.t1,K01784
g8543.t1,K02603
g8548.t1,K03671
g8564.t1,K10803
g8565.t1,K14568
g8566.t1,K15044
g8568.t1,K11128
g8577.t1,K07513
g8596.t1,K04773
g8607.t1,K13175
g8610.t1,K07648
g8610.t2,K07648
g8610.t3,K07648
g8611.t1,K05105
g8614.t1,K15501
g8615.t1,K03012
g8637.t1,K17702
g8638.t1,K25219
g8639.t1,K11092
g8642.t2,K28049
g8643.t1,K07556
g8643.t2,K07556
g8659.t1,K09645
g8661.t1,K14795
g8662.t1,K01363
g8663.t1,K00803
g8664.t1,K03354
g8669.t1,K10773
g8670.t1,K05760
g8671.t1,K11380
g8671.t3,K11380
g8672.t1,K23922
g8732.t1,K17292
g8732.t2,K17292
g8733.t1,K04427
g8735.t1,K03843
g8736.t1,K07127
g8738.t1,K01477
g8743.t1,K22139
g8744.t1,K06911
g8745.t1,K12393
g8747.t1,K05106
g8748.t1,K22138
g8750.t1,K15447
g8751.t1,K18470
g8752.t1,K16601
g8754.t1,K00869
g8756.t1,K22133
g8758.t1,K01182
g8759.t1,K06699
g8760.t1,K01309
g8761.t1,K02866
g8762.t1,K02835
g8785.t1,K15014
g8791.t1,K02608
g8793.t1,K05094
g8794.t1,K12852
g8794.t2,K12852
g8794.t4,K12852
g8796.t1,K07152
g8797.t1,K10481
g8797.t2,K10481
g8799.t1,K09494
g8801.t1,K15030
g8803.t1,K12181
g8805.t1,K23504
g8807.t1,K01412
g8811.t1,K06620
g8812.t1,K24727
g8813.t1,K03125
g8817.t1,K03241
g8818.t1,K01001
g8819.t1,K05956
g8819.t2,K05956
g8821.t1,K13337
g8822.t1,K04345
g8822.t2,K04345
g8823.t1,K15378
g8824.t1,K08585
g8824.t2,K08585
g8825.t1,K17686
g8826.t1,K03263
g8827.t1,K12184
g8829.t1,K15503
g8832.t1,K03849
g8835.t1,K01279
g8837.t1,K03844
g8838.t1,K12261
g8839.t1,K25202
g8841.t1,K23902
g8843.t1,K00858
g8844.t1,K11778
g8844.t2,K11778
g8845.t1,K05991
g8847.t1,K10798
g8858.t1,K17430
g8859.t1,K25166
g8864.t1,K01307
g8864.t2,K01307
g8866.t1,K01975
g8867.t1,K07298
g8870.t1,K20184
g8871.t1,K11390
g8873.t1,K01885
g8874.t1,K03327
g8937.t1,K01965
g8939.t1,K00451
g8950.t1,K03661
g8951.t1,K02434
g8953.t1,K11437
g8954.t1,K03439
g8954.t2,K03439
g8957.t1,K19751
g8957.t3,K19751
g8958.t1,K23883
g8964.t1,K24350
g8966.t1,K02350
g8967.t1,K18423
g8968.t1,K14772
g8970.t1,K15266
g8973.t1,K04366
g8996.t1,K22755
g8997.t1,K12488
g8998.t1,K20656
g9000.t1,K10884
g9018.t1,K10590
g9019.t1,K07836
g9023.t1,K09613
g9024.t1,K17776
g9027.t1,K13341
g9028.t1,K20756
g9028.t2,K01279
g9030.t1,K19842
g9034.t1,K03963
g9034.t2,K03963
g9035.t1,K15450
g9038.t1,K10456
g9077.t1,K11503
g9078.t1,K04424
g9079.t1,K09518
g9080.t1,K18787
g9085.t1,K18201
g9088.t1,K01802
g9089.t1,K03238
g9091.t1,K16196
g9093.t1,K10453
g9094.t1,K17354
g9097.t1,K01710
g9099.t1,K01720
g9100.t1,K15631
g9101.t1,K14556
g9102.t1,K11292
g9103.t1,K10080
g9121.t1,K28026
g9122.t1,K13993
g9123.t1,K14286
g9124.t1,K15102
g9126.t1,K28063
g9127.t1,K19531
g9127.t2,K19531
g9129.t1,K19903
g9130.t1,K03357
g9131.t1,K07305
g9132.t1,K03648
g9133.t1,K14764
g9134.t1,K01593
g9134.t2,K01593
g9137.t1,K21797
g9142.t1,K22594
g9147.t1,K12194
g9148.t1,K00679
g9150.t1,K01892
g9173.t1,K10260
g9175.t1,K17918
g9178.t1,K13126
g9179.t1,K03978
g9181.t3,K02183
g9184.t1,K00700
g9189.t1,K10563
g9221.t1,K24635
g9222.t1,K05677
g9222.t2,K05677
g9223.t1,K00049
g9224.t1,K09214
g9224.t2,K09214
g9242.t1,K17759
g9244.t1,K25815
g9245.t1,K15151
g9247.t1,K00411
g9254.t1,K20285
g9261.t1,K00142
g9263.t1,K00567
g9264.t1,K07752
g9265.t1,K06096
g9267.t1,K03648
g9268.t1,K06125
g9269.t1,K20409
g9274.t1,K16578
g9275.t1,K14794
g9280.t1,K03252
g9280.t2,K03252
g9283.t1,K03626
g9285.t1,K14165
g9323.t1,K21953
g9341.t1,K00873
g9343.t1,K03426
g9344.t2,K12948
g9345.t1,K00943
g9366.t1,K01988
g9367.t1,K21917
g9368.t1,K28362
g9370.t1,K28261
g9370.t2,K28261
g9371.t1,K00901
g9374.t1,K00281
g9375.t1,K09699
g9375.t2,K09699
g9380.t1,K05765
g9381.t1,K00942
g9382.t1,K04354
g9384.t1,K02540
g9385.t1,K21437
g9386.t1,K00559
g9388.t1,K12877
g9397.t1,K01049
g9401.t1,K12182
g9403.t1,K03283
g9404.t1,K00382
g9405.t1,K06063
g9410.t1,K04798
g9411.t1,K02734
g9412.t1,K03885
g9413.t1,K22069
g9416.t1,K01899
g9417.t1,K20031
g9418.t1,K09549
g9422.t1,K20291
g9431.t1,K00777
g9432.t1,K00799
g9444.t1,K05658
g9447.t1,K11124
g9449.t1,K08726
g9451.t1,K01937
g9455.t1,K14655
g9457.t1,K02207
g9457.t2,K02207
g9458.t1,K05754
g9461.t1,K01697
g9462.t1,K11494
g9463.t1,K02971
g9466.t1,K10356
g9467.t1,K02183
g9468.t1,K17618
g9469.t1,K00626
g9471.t1,K01724
g9472.t1,K01900
g9472.t2,K01900
g9473.t1,K01011
g9474.t1,K02133
g9475.t1,K02134
g9476.t1,K02179
g9477.t1,K13499
g9477.t2,K00731
g9480.t1,K22698
g9493.t1,K00939
g9493.t2,K00939
g9495.t1,K05730
g9508.t1,K01881
g9509.t1,K12627
g9509.t2,K12627
g9511.t1,K14454
g9512.t1,K06636
g9513.t1,K24741
g9514.t1,K27818
g9514.t2,K27818
g9539.t1,K12602
g9541.t1,K10144
g9542.t1,K05658
g9544.t1,K14399
g9544.t2,K14399
g9545.t1,K26006
g9550.t1,K06199
g9551.t1,K25006
g9552.t1,K17301
g9553.t1,K06176
g9554.t1,K15180
g9555.t1,K15026
g9556.t1,K19828
g9557.t1,K01620
g9558.t1,K05399
g9559.t1,K05658
g9566.t1,K24195
g9570.t1,K03949
g9570.t2,K03949
g9573.t1,K27920
g9576.t1,K11155
g9611.t1,K17686
g9611.t2,K17686
g9612.t1,K07364
g9645.t1,K03680
g9647.t1,K05760
g9649.t1,K14536
g9658.t1,K13354
g9659.t1,K11857
g9661.t1,K07199
g9662.t1,K10134
g9664.t1,K07364
g9665.t1,K08342
g9667.t1,K00791
g9672.t1,K10689
g9673.t1,K06997
g9702.t1,K02728
g9704.t1,K08245
g9705.t1,K19985
g9707.t1,K17686
g9712.t1,K20639
g9712.t2,K20639
g9714.t1,K10733
g9715.t1,K23802
g9720.t1,K15283
g9725.t1,K03676
g9726.t1,K01487
g9766.t1,K23487
g9767.t1,K13696
g9768.t1,K03352
g9772.t1,K22736
g9774.t1,K09660
g9775.t1,K11857
g9776.t1,K12822
g9776.t2,K12822
g9786.t1,K05605
g9787.t1,K01191
g9789.t1,K05285
g9791.t1,K11982
g9796.t1,K17808
g9799.t1,K12870
g9805.t1,K00988
g9806.t1,K02989
g9807.t1,K05743
g9809.t1,K17544
g9810.t1,K16055
g9812.t1,K16055
g9813.t1,K06173
g9814.t1,K02355
g9815.t1,K14962
g9816.t1,K02727
g9817.t1,K17562
g9818.t1,K08175
g9820.t1,K05109
g9823.t1,K12397
g9824.t1,K11223
g9825.t1,K00967
g9826.t1,K11826
g9832.t1,K12396
g9832.t2,K12396
g9837.t1,K10481
g9842.t1,K19525
g9847.t1,K01895
g9849.t1,K22563
g9850.t1,K27976
g9853.t1,K09291
g9854.t1,K00938
g9855.t1,K21848
g9856.t1,K01783
g9856.t2,K01783
g9858.t1,K08596
g9859.t1,K00966
g9861.t1,K01712
g9863.t1,K20183
g9865.t1,K15429
g9868.t1,K19603
g9869.t1,K11824
g9869.t2,K11824
g9874.t1,K00059
g9875.t1,K03264
g9883.t1,K06580
g9891.t1,K21421
g9893.t1,K17893
g9920.t1,K07360
g9921.t1,K01824
g9924.t1,K08155
g10097.t1,K22530
g10097.t2,K22530
g10097.t3,K22530
g10116.t1,K02606
g10121.t1,K20181
g10123.t1,K14960
g10123.t2,K14960
g10128.t1,K12620
g10129.t1,K18655
g10130.t1,K03002
g10131.t1,K10402
g10134.t1,K14440
g10136.t1,K03979
g10137.t1,K12440
g10138.t1,K00555
g10138.t2,K00555
g10139.t1,K25818
g10154.t1,K01180
g10155.t1,K08074
g10156.t1,K01796
g10159.t1,K17505
g10160.t1,K10595
g10162.t1,K01408
g10164.t1,K10769
g10167.t1,K01897
g10168.t1,K11374
g10168.t2,K11374
g10171.t1,K19572
g10173.t1,K01870
g10213.t1,K00888
g10225.t1,K13347
g10230.t1,K19625
g10232.t1,K01915
g10245.t1,K05110
g10249.t1,K22721
g10264.t1,K23921
g10265.t1,K03126
g10266.t1,K00819
g10268.t1,K10878
g10269.t1,K03035
g10270.t1,K13280
g10271.t1,K14617
g10273.t1,K06268
g10273.t2,K06268
g10274.t1,K02732
g10275.t1,K12412
g10275.t2,K12412
g10281.t1,K13111
g10283.t1,K14282
g10285.t1,K24635
g10286.t1,K11254
g10287.t1,K11253
g10290.t1,K20048
g10292.t2,K24332
g10299.t1,K03704
g10302.t1,K15371
g10303.t1,K23292
g10306.t1,K08176
g10311.t1,K11162
g10311.t2,K11162
g10312.t1,K05681
g10313.t1,K05681
g10315.t1,K17989
g10316.t1,K20520
g10319.t1,K20032
g10359.t1,K15223
g10379.t1,K08956
g10382.t1,K22766
g10385.t1,K06173
g10386.t1,K08489
g10387.t1,K17419
g10389.t1,K20404
g10391.t1,K14299
g10392.t1,K15559
g10392.t2,K15559
g10394.t1,K20291
g10395.t1,K24260
g10395.t2,K24260
g10396.t1,K14821
g10397.t1,K02212
g10398.t1,K06688
g10400.t1,K24816
g10401.t1,K00413
g10404.t2,K15732
g10427.t1,K24637
g10448.t1,K17534
g10448.t2,K17534
g10449.t1,K00024
g10451.t1,K02910
g10452.t1,K00993
g10453.t1,K20301
g10458.t1,K13127
g10469.t1,K06695
g10470.t1,K11229
g10471.t1,K03065
g10475.t1,K21198
g10476.t1,K03249
g10478.t1,K03097
g10480.t1,K19583
g10481.t1,K10356
g10495.t1,K17933
g10524.t1,K24970
g10526.t1,K03028
g10526.t2,K03028
g10527.t1,K09539
g10528.t1,K04630
g10531.t1,K20040
g10532.t1,K06271
g10533.t1,K23518
g10533.t2,K23518
g10535.t1,K18587
g10536.t1,K11427
g10537.t1,K01227
g10540.t1,K01061
g10540.t2,K01061
g10544.t1,K05310
g10545.t1,K02999
g10546.t1,K01785
g10557.t1,K03845
g10560.t1,K18758
g10561.t1,K02183
g10562.t1,K13103
g10564.t1,K13303
g10568.t1,K10456
g10569.t1,K20307
g10570.t1,K00649
g10570.t2,K00649
g10575.t1,K04646
g10576.t1,K12856
g10577.t1,K13344
g10578.t1,K06634
g10578.t2,K06634
g10579.t1,K22282
g10580.t1,K00249
g10583.t1,K17535
g10593.t1,K19511
g10597.t1,K10297
g10599.t1,K03955
g10605.t1,K13953
g10618.t1,K15119
g10618.t2,K15119
g10619.t1,K06975
g10620.t1,K28083
g10623.t1,K10481
g10627.t1,K05105
g10680.t1,K00670
g10682.t1,K15161
g10683.t1,K02537
g10684.t1,K00809
g10685.t1,K20408
g10686.t1,K03115
g10687.t1,K26608
g10688.t1,K08516
g10689.t1,K20301
g10691.t1,K01847
g10692.t1,K10579
g10692.t2,K10579
g10694.t1,K01077
g10694.t2,K01077
g10711.t1,K07440
g10711.t2,K07440
g10715.t1,K10685
g10717.t1,K03144
g10719.t1,K03066
g10726.t1,K24708
g10747.t1,K14563
g10748.t1,K00031
g10755.t1,K14797
g10758.t1,K14311
g10760.t1,K01807
g10762.t1,K14566
g10762.t2,K14566
g10763.t1,K14769
g10766.t1,K20040
g10768.t1,K20040
g10789.t1,K10845
g10790.t1,K11416
g10793.t1,K20915
g10794.t1,K17500
g10799.t1,K13206
g10813.t1,K01373
g10818.t2,K11233
g10821.t1,K15121
g10872.t1,K16296
g10879.t1,K05692
g10880.t1,K01756
g10881.t1,K12304
g10881.t2,K12304
g10882.t1,K05765
g10883.t1,K15135
g10884.t1,K02949
g10885.t1,K02144
g10886.t1,K00861
g10886.t2,K00861
g10888.t1,K01598
g10894.t1,K01115
g10894.t2,K01115
g10896.t2,K04077
g10908.t1,K01494
g10909.t1,K23781
g10910.t1,K08568
g10911.t1,K01079
g10914.t1,K13172
g10915.t1,K05765
g10916.t1,K10873
g10917.t1,K08239
g10918.t1,K14007
g10919.t1,K05293
g10920.t1,K13336
g10921.t1,K14831
g10922.t1,K12580
g10923.t1,K05765
g10946.t1,K25768
g10947.t1,K20606
g10948.t1,K01206
g10949.t1,K02993
g10964.t1,K18753
g10965.t1,K03654
g10967.t1,K07880
g10968.t1,K24971
g10969.t1,K26502
g10970.t1,K23563
g10974.t1,K08498
g10975.t1,K00166
g10977.t1,K03869
g10985.t1,K27894
g10986.t1,K26401
g11004.t1,K11173
g11013.t1,K06958
g11015.t1,K21195
g11016.t1,K01681
g11018.t1,K01907
g11019.t1,K15434
g11020.t1,K01474
g11021.t1,K01469
g11022.t1,K02267
g11023.t1,K17987
g11024.t1,K05866
g11025.t1,K04564
g11027.t1,K11127
g11029.t1,K20899
g11048.t1,K01539
g11048.t2,K01539
g11048.t3,K01539
g11050.t1,K01641
g11053.t1,K20188
g11054.t1,K18993
g11064.t1,K09866
g11065.t1,K16280
g11072.t1,K22390
g11073.t1,K01621
g11074.t1,K23845
g11074.t2,K23845
g11083.t1,K16575
g11087.t1,K04417
g11101.t1,K19467
g11103.t1,K08495
g11105.t1,K05349
g11105.t2,K05349
g11108.t1,K20224
g11109.t1,K01354
g11110.t1,K17605
g11111.t1,K13939
g11113.t1,K11450
g11114.t1,K12834
g11115.t1,K00639
g11117.t1,K15789
g11119.t1,K19604
g11120.t1,K12847
g11121.t1,K14288
g11121.t2,K14288
g11122.t1,K00789
g11125.t1,K13051
g11126.t1,K02962
g11127.t1,K13051
g11148.t1,K10570
g11152.t1,K14209
g11155.t1,K10632
g11156.t1,K07765
g11159.t1,K14209
g11163.t1,K10570
g11166.t1,K04706
g11168.t1,K00275
g11179.t1,K12493
g11179.t2,K12493
g11180.t1,K00987
g11194.t1,K20472
g11194.t2,K20472
g11215.t1,K18260
g11215.t2,K18260
g11216.t1,K15920
g11225.t1,K14819
g11226.t1,K10885
g11227.t1,K15046
g11227.t2,K15046
g11228.t1,K05676
g11229.t1,K00253
g11231.t1,K12735
g11231.t3,K12735
g11248.t1,K16912
g11249.t1,K24342
g11252.t1,K00948
g11253.t1,K25790
g11262.t1,K03099
g11263.t1,K00963
g11270.t1,K07205
g11286.t1,K10686
g11287.t1,K15323
g11288.t1,K00551
g11290.t1,K06171
g11290.t2,K06171
g11295.t1,K03294
g11296.t1,K13346
g11336.t1,K08739
g11369.t1,K16770
g11370.t1,K13160
g11375.t1,K12373
g11381.t1,K04362
g11386.t1,K15121
g11387.t1,K13118
g11388.t1,K00621
g11389.t1,K02003
g11390.t1,K06287
g11391.t1,K08246
g11393.t1,K06942
g11395.t1,K17849
g11395.t2,K17849
g11396.t1,K02206
g11399.t1,K09048
g11401.t1,K05291
g11401.t2,K05291
g11403.t1,K08789
g11404.t1,K14312
g11405.t1,K14774
g11406.t1,K07933
g11407.t1,K21776
g11408.t1,K14553
g11409.t1,K16794
g11410.t1,K03255
g11413.t1,K19219
g11414.t1,K24047
g11414.t2,K24047
g11416.t1,K10730
g11421.t1,K11093
g11422.t1,K09548
g11424.t1,K08681
g11425.t1,K06215
g11426.t1,K14832
g11426.t3,K14832
g11428.t1,K25830
g11429.t1,K26118
g11429.t2,K26118
g11430.t1,K12260
g11432.t1,K12309
g11434.t1,K18980
g11436.t1,K08501
g11437.t1,K15200
g11438.t1,K07766
g11440.t1,K03122
g11441.t1,K08900
g11444.t1,K03169
g11445.t1,K01046
g11447.t1,K18042
g11452.t1,K17533
g11452.t2,K17533
g11452.t3,K17533
g11452.t4,K04426
g11453.t1,K25550
g11458.t1,K07305
g11460.t1,K24498
g11461.t1,K14837
g11462.t1,K05105
g11466.t1,K00069
g11467.t1,K05181
g11469.t1,K01409
g11469.t2,K01409
g11471.t1,K03842
g11472.t1,K07146
g11474.t1,K03424
g11474.t2,K03424
g11476.t1,K08064
g11477.t1,K01872
g11479.t1,K23296
g11480.t1,K10891
g11480.t2,K10891
g11501.t1,K20347
g11502.t1,K01091
g11504.t1,K15164
g11514.t1,K08762
g11515.t1,K03859
g11562.t1,K03320
g11564.t1,K01409
g11578.t1,K01419
g11578.t2,K01419
g11579.t1,K23978
g11580.t1,K05106
g11582.t1,K05107
g11584.t1,K14437
g11587.t1,K05857
g11590.t1,K07836
g11591.t1,K02957
g11592.t1,K01719
g11594.t1,K03695
g11594.t2,K03695
g11647.t1,K20353
g11648.t1,K13787
g11653.t1,K20526
g11664.t1,K18441
g11665.t1,K00167
g11665.t2,K00167
g11666.t1,K11805
g11669.t1,K17700
g11673.t1,K07259
g11673.t2,K07259
g11683.t1,K16297
g11747.t1,K08592
g11749.t1,K04456
g11750.t1,K12196
g11757.t1,K27389
g11781.t1,K03686
g11783.t1,K03943
g11806.t1,K05728
g11808.t1,K14844
g11811.t1,K14802
g11812.t1,K03870
g11812.t2,K10427
g11813.t1,K00858
g11814.t1,K20296
g11815.t1,K02150
g11817.t1,K06674
g11818.t1,K11806
g11821.t1,K15174
g11821.t2,K15174
g11823.t1,K19306
g11824.t1,K12160
g11825.t1,K03037
g11827.t1,K02917
g11828.t1,K02735
g11829.t1,K15110
g11830.t1,K13099
g11838.t1,K13139
g11838.t2,K13139
g11839.t1,K12345
g11840.t1,K07304
g11841.t1,K12892
g11842.t1,K10583
g11843.t1,K07071
g11844.t1,K14523
g11845.t1,K03145
g11846.t1,K07918
g11847.t1,K05906
g11848.t1,K07756
g11849.t1,K08991
g11850.t1,K09497
g11850.t2,K09497
g11851.t1,K03685
g11852.t1,K03438
g11871.t1,K08653
g11876.t1,K15407
g11879.t1,K11976
g11883.t1,K11153
g11884.t1,K08735
g11885.t1,K08342
g11885.t2,K08342
g11886.t1,K10600
g11888.t1,K20471
g11891.t1,K14766
g11894.t1,K07950
g11896.t1,K18168
g11897.t1,K11366
g11898.t1,K03036
g11898.t2,K03036
g11899.t2,K01527
g11901.t1,K10896
g11903.t1,K01194
g11905.t1,K03099
g11906.t1,K17888
g11907.t1,K20221
g11911.t1,K03456
g11916.t1,K22763
g11919.t1,K00993
g11921.t1,K12599
g11924.t1,K07442
g11926.t1,K01835
g11926.t2,K01835
g11927.t1,K03177
g11941.t1,K22544
g11944.t1,K02183
g11944.t2,K02183
g11948.t1,K25770
g11949.t1,K01934
g11950.t1,K11863
g11953.t1,K20223
g11958.t1,K03265
g11959.t1,K03511
g11959.t2,K20242
g11972.t1,K03283
g11973.t1,K00573
g11973.t2,K00573
g12073.t1,K02966
g12073.t2,K02966
g12075.t1,K14405
g12076.t1,K12394
g12077.t1,K02147
g12080.t1,K01489
g12098.t1,K10858
g12099.t1,K26421
g12101.t1,K15271
g12101.t2,K15271
g12102.t1,K14709
g12161.t1,K17700
g12163.t1,K11866
g12164.t1,K11363
g12167.t1,K14552
g12173.t1,K13717
g12173.t2,K13717
g12176.t1,K20794
g12177.t1,K00326
g12178.t1,K03846
g12179.t1,K20179
g12181.t1,K12734
g12185.t1,K01764
g12189.t1,K00759
g12191.t1,K01061
g12193.t1,K10871
g12195.t1,K14545
g12196.t1,K27103
g12197.t1,K00058
g12198.t1,K07566
g12208.t1,K00901
g12221.t1,K06676
g12222.t1,K12391
g12223.t1,K11087
g12226.t1,K14843
g12230.t1,K12589
g12233.t1,K06678
g12239.t1,K00791
g12239.t2,K00791
g12240.t1,K01495
g12242.t1,K06689
g12243.t1,K00864
g12245.t1,K20286
g12246.t1,K14308
g12248.t1,K01164
g12249.t1,K10878
g12250.t1,K15262
g12252.t1,K20289
g12255.t1,K02889
g12255.t2,K02889
g12256.t1,K17782
g12257.t1,K12603
g12258.t1,K05767
g12259.t1,K15281
g12260.t1,K22756
g12283.t1,K05110
g12288.t1,K11754
g12291.t1,K26160
g12293.t1,K05011
g12328.t1,K18729
g12329.t1,K08517
g12330.t1,K23028
g12349.t1,K16815
g12362.t1,K08896
g12363.t1,K03506
g12364.t1,K15561
g12366.t1,K09550
g12369.t1,K20827
g12389.t1,K20858
g12392.t1,K11340
g12397.t1,K03262
g12398.t1,K15258
g12399.t1,K22144
g12400.t1,K04460
g12401.t1,K01613
g12403.t1,K19511
g12420.t1,K24342
g12422.t1,K00889
g12423.t1,K00234
g12423.t2,K00234
g12424.t1,K17887
g12425.t1,K09539
g12427.t1,K11968
g12428.t1,K01512
g12433.t1,K10536
g12434.t1,K11661
g12435.t1,K08518
g12440.t1,K14842
g12442.t1,K01158
g12443.t1,K11348
g12444.t2,K07827
g12445.t1,K10396
g12446.t1,K14842
g12447.t1,K18740
g12450.t1,K21248
g12451.t1,K01113
g12473.t1,K03099
g12473.t2,K03099
g12473.t3,K03099
g12474.t1,K03648
g12477.t1,K08683
g12479.t1,K12200
g12480.t1,K11864
g12483.t1,K27694
g12484.t1,K25210
g12485.t1,K01953
g12486.t1,K18681
g12487.t1,K27906
g12488.t1,K06620
g12490.t1,K17605
g12491.t1,K20367
g12492.t1,K13506
g12505.t1,K02926
g12510.t1,K00949
g12512.t1,K10683
g12512.t2,K06867
g12513.t1,K05542
g12514.t1,K03236
g12516.t1,K06943
g12518.t1,K17427
g12520.t1,K11587
g12521.t1,K23966
g12522.t1,K07955
g12523.t1,K12813
g12524.t1,K13109
g12526.t1,K04411
g12527.t1,K01462
g12531.t1,K11886
g12533.t1,K15710
g12556.t1,K18468
g12557.t1,K08009
g12559.t1,K12504
g12559.t2,K12504
g12560.t1,K07575
g12564.t1,K03231
g12564.t2,K03231
g12565.t1,K18080
g12566.t1,K08504
g12567.t1,K10364
g12568.t1,K23308
g12570.t1,K17543
g12573.t1,K02541
g12574.t1,K17971
g12575.t1,K14403
g12575.t2,K14403
g12576.t1,K15340
g12576.t2,K15340
g12578.t2,K10843
g12579.t1,K15188
g12579.t2,K15188
g12580.t1,K05760
g12592.t1,K08343
g12594.t1,K12733
g12595.t1,K22072
g12595.t2,K22072
g12596.t1,K26501
g12598.t1,K10576
g12601.t1,K04409
g12601.t2,K04409
g12602.t1,K02987
g12604.t1,K00939
g12606.t1,K19027
g12606.t2,K19027
g12607.t1,K20285
g12609.t1,K14554
g12610.t1,K00666
g12610.t2,K08745
g12625.t1,K01101
g12626.t1,K24780
g12628.t1,K26216
g12629.t1,K10085
g12629.t2,K10085
g12629.t3,K10085
g12630.t1,K23424
g12632.t1,K12818
g12632.t2,K12818
g12633.t1,K14439
g12634.t1,K07904
g12634.t2,K07905
g12634.t3,K07904
g12639.t1,K07739
g12666.t1,K01966
g12667.t1,K25817
g12668.t1,K11492
g12675.t1,K00573
g12675.t2,K00573
g12676.t1,K23628
g12676.t2,K23628
g12679.t1,K15084
g12681.t1,K24758
g12681.t2,K22987
g12682.t1,K22074
g12683.t1,K15120
g12687.t1,K20642
g12688.t1,K08596
g12691.t1,K03260
g12741.t1,K01302
g12741.t2,K01302
g12743.t1,K17278
g12752.t1,K14717
g12763.t1,K07834
g12766.t1,K00598
g12767.t1,K05724
g12779.t1,K19784
g12787.t1,K06277
g12789.t1,K04422
g12804.t1,K14835
g12804.t2,K14835
g12805.t1,K04423
g12810.t1,K03105
g12814.t1,K03417
g12816.t1,K12462
g12830.t1,K17821
g12832.t1,K07870
g12834.t1,K24825
g12835.t1,K05752
g12840.t1,K08267
g12841.t1,K06662
g12843.t1,K20100
g12844.t1,K12190
g12845.t1,K21889
g12851.t1,K03008
g12853.t1,K02964
g12855.t1,K12842
g12856.t1,K02885
g12857.t1,K25291
g12857.t2,K25291
g12893.t1,K05102
g12894.t1,K21853
g12895.t1,K06619
g12910.t1,K01065
g13011.t1,K08870
g13032.t1,K12896
g13032.t2,K12896
g13033.t1,K01490
g13035.t1,K01363
g13035.t2,K01363
g13051.t1,K10595
g13051.t2,K10595
g13080.t1,K01205
g13081.t1,K01205
g13082.t1,K07019
g13084.t1,K02921
g13085.t1,K03106
g13086.t1,K12193
g13098.t1,K10481
g13101.t1,K10577
g13102.t1,K16860
g13151.t1,K05850
g13160.t1,K05857
g13163.t1,K01623
g13166.t1,K11827
g13167.t1,K05290
g13168.t1,K00757
g13170.t1,K18464
g13172.t1,K07877
g13173.t1,K14558
g13175.t1,K17907
g13177.t1,K00856
g13181.t1,K05104
g13184.t1,K02893
g13186.t1,K14575
g13201.t1,K17732
g13202.t1,K17261
g13224.t1,K11843
g13225.t1,K11131
g13227.t1,K13156
g13244.t1,K00344
g13245.t1,K15688
g13246.t1,K14443
g13248.t1,K03152
g13249.t1,K09458
g13249.t2,K09458
g13260.t1,K24730
g13261.t1,K27180
g13261.t2,K27180
g13262.t1,K02330
g13314.t1,K10646
g13317.t1,K01279
g13318.t1,K05592
g13318.t2,K03257
g13321.t1,K03250
g13325.t1,K22127
g13325.t3,K22127
g13326.t1,K01052
g13332.t1,K11411
g13342.t1,K14289
g13343.t1,K10669
g13343.t2,K10669
g13348.t1,K03283
g13362.t1,K10426
g13363.t1,K04392
g13364.t1,K17868
g13366.t1,K09490
g13366.t2,K09490
g13367.t1,K00627
g13367.t2,K00627
g13369.t1,K06965
g13371.t1,K02210
g13372.t1,K10737
g13373.t1,K24273
g13373.t2,K24273
g13373.t3,K24273
g13375.t1,K03128
g13375.t2,K03128
g13385.t1,K03349
g13389.t1,K21027
g13397.t1,K03163
g13402.t1,K02879
g13406.t1,K11412
g13406.t2,K11412
g13410.t1,K03012
g13411.t1,K15501
g13422.t1,K18666
g13424.t1,K04499
g13428.t1,K12666
g13429.t1,K04717
g13432.t1,K24272
g13451.t1,K10696
g13451.t2,K10696
g13453.t1,K23298
g13457.t1,K13100
g13458.t1,K09500
g13460.t1,K20799
g13460.t2,K20799
g13461.t1,K15076
g13462.t1,K00029
g13463.t1,K02520
g13465.t1,K20242
g13478.t1,K08286
g13496.t1,K24974
g13499.t1,K15156
g13500.t1,K14998
g13500.t2,K14998
g13501.t1,K12316
g13502.t1,K01513
g13503.t1,K12624
g13504.t1,K01792
g13571.t1,K05755
g13573.t1,K27318
g13575.t1,K01647
g13576.t1,K15505
g13591.t1,K10297
g13608.t1,K04352
g13609.t1,K22078
g13610.t1,K11836
g13612.t1,K11800
g13616.t1,K09503
g13617.t1,K11348
g13618.t1,K11231
g13621.t1,K13681
g13622.t1,K00876
g13623.t1,K20045
g13714.t1,K11187
g13715.t1,K17255
g13716.t1,K22856
g13720.t1,K03946
g13721.t1,K14841
g13726.t1,K05609
g13727.t1,K05609
g13731.t1,K01900
g13739.t1,K11273
g13755.t1,K00520
g13756.t1,K00148
g13756.t2,K00148
g13758.t1,K16600
g13762.t1,K16573
g13763.t1,K12661
g13764.t1,K15692
g13765.t1,K17336
g13776.t1,K15433
g13778.t1,K04536
g13779.t1,K10771
g13781.t2,K14775
g13782.t1,K00586
g13783.t1,K18327
g13786.t1,K11414
g13790.t1,K02003
g13791.t1,K03953
g13791.t2,K03953
g13798.t1,K03439
g13799.t1,K10991
g13800.t1,K09564
g13801.t1,K24536
g13801.t2,K24536
g13802.t1,K02961
g13803.t1,K11684
g13807.t1,K23040
g13809.t1,K08892
g13811.t1,K21813
g13813.t1,K23327
g13814.t1,K19525
g13816.t1,K21421
g13817.t1,K19199
g13817.t2,K19199
g13818.t1,K11269
g13823.t1,K00987
g13844.t1,K08894
g13850.t1,K20463
g13850.t2,K20174
g13853.t1,K06128
g13854.t1,K01875
g13855.t1,K13095
g13856.t1,K10524
g13872.t1,K06147
g13873.t1,K10481
g13875.t1,K12771
g13876.t1,K15376
g13882.t1,K17266
g13883.t1,K17491
g13886.t1,K14006
g13887.t1,K14006
g13889.t1,K14571
g13890.t1,K10450
g13891.t1,K05970
g13891.t2,K05970
g13892.t1,K22390
g13894.t1,K07756
g13897.t1,K09560
g13898.t1,K11584
g13898.t2,K11584
g13900.t1,K14768
g13902.t1,K00565
g13903.t1,K06961
g13904.t1,K04349
g13908.t1,K08764
g13910.t1,K14621
g13911.t1,K17600
g13913.t1,K15171
g13914.t1,K04564
g13914.t2,K04564
g13915.t1,K10639
g13932.t1,K19031
g13933.t1,K00503
g13938.t1,K11517
g13939.t1,K11527
g13963.t1,K04527
g14000.t1,K23792
g14003.t1,K14537
g14004.t1,K00658
g14008.t1,K06100
g14009.t1,K02870
g14011.t1,K03061
g14012.t1,K12403
g14013.t1,K22382
g14014.t1,K01522
g14015.t1,K01104
g14015.t2,K01104
g14016.t1,K02932
g14018.t1,K07588
g14020.t1,K27164
g14021.t1,K14830
g14023.t1,K14407
g14025.t1,K17497
g14026.t1,K08894
g14028.t1,K12166
g14032.t1,K20068
g14034.t1,K01279
g14034.t2,K01279
g14111.t1,K05105
g14113.t1,K06820
g14121.t1,K04352
g14125.t1,K03232
g14127.t1,K22564
g14137.t1,K27803
g14140.t1,K23288
g14142.t1,K01115
g14198.t1,K22381
g14199.t1,K11529
g14199.t2,K11529
g14200.t1,K08819
g14200.t2,K08819
g14203.t1,K03671
g14207.t1,K02357
g14208.t1,K01876
g14209.t1,K12165
g14232.t1,K27084
g14234.t1,K05289
g14234.t2,K05289
g14235.t1,K12571
g14256.t1,K09595
g14258.t1,K11802
g14258.t2,K11802
g14260.t1,K14684
g14261.t1,K07583
g14262.t1,K06630
g14263.t1,K06630
g14264.t1,K03386
g14265.t1,K17908
g14277.t1,K05728
g14291.t1,K03754
g14297.t1,K19539
g14297.t2,K19539
g14297.t3,K19539
g14298.t1,K07320
g14301.t1,K10086
g14302.t1,K08671
g14304.t1,K12380
g14309.t1,K05986
g14310.t1,K13728
g14319.t1,K27084
g14367.t1,K11877
g14377.t1,K01638
g14378.t1,K01466
g14379.t1,K13348
g14380.t1,K00365
g14381.t1,K20398
g14383.t1,K13412
g14384.t1,K11294
g14384.t2,K11294
g14385.t1,K27966
g14386.t1,K06619
g14391.t1,K01425
g14404.t1,K26939
g14405.t1,K10586
g14406.t1,K00597
g14407.t1,K08869
g14407.t2,K08869
g14451.t1,K03514
g14453.t1,K04559
g14453.t2,K02152
g14453.t3,K04559
g14460.t1,K04512
g14462.t1,K05704
g14463.t1,K01201
g14464.t1,K08286
g14475.t1,K24523
g14478.t1,K01179
g14481.t1,K00432
g14484.t1,K14807
g14487.t1,K18588
g14491.t1,K17506
g14491.t2,K14803
g14492.t1,K16344
g14503.t1,K03347
g14505.t1,K20476
g14515.t1,K01895
g14519.t1,K00974
g14521.t1,K03033
g14522.t1,K12830
g14523.t1,K12614
g14524.t1,K11644
g14524.t2,K11644
g14526.t1,K15451
g14527.t1,K03515
g14529.t1,K16185
g14532.t1,K00814
g14533.t1,K12198
g14534.t1,K20773
g14538.t1,K24732
g14539.t1,K06665
g14542.t1,K14964
g14543.t1,K24413
g14544.t1,K18081
g14545.t1,K01874
g14546.t1,K00573
g14547.t1,K14530
g14548.t1,K12817
g14552.t1,K04508
g14596.t1,K17361
g14599.t1,K18164
g14602.t1,K07252
g14603.t1,K06066
g14607.t1,K17361
g14608.t1,K18462
g14611.t1,K05925
g14617.t1,K07407
g14617.t2,K07407
g14629.t1,K23922
g14632.t1,K26403
g14633.t1,K07238
g14634.t1,K21752
g14635.t1,K18622
g14640.t1,K17686
g14640.t2,K17686
g14642.t1,K18080
g14643.t1,K17972
g14644.t1,K06641
g14645.t1,K09048
g14648.t1,K26199
g14649.t1,K06240
g14649.t2,K06240
g14649.t3,K06240
g14650.t1,K06240
g14657.t1,K12890
g14663.t1,K18703
g14664.t1,K03259
g14669.t1,K08968
g14671.t1,K08874
g14725.t1,K16271
g14736.t1,K03781
g14747.t1,K24815
g14748.t1,K08850
g14749.t1,K11099
g14750.t1,K17968
g14752.t1,K14306
g14752.t2,K14306
g14754.t1,K08486
g14755.t1,K22560
g14757.t1,K18467
g14758.t1,K09667
g14759.t1,K14326
g14760.t1,K15175
g14764.t1,K20315
g14765.t1,K06683
g14766.t1,K07195
g14767.t1,K01147
g14768.t1,K20318
g14770.t1,K15901
g14773.t1,K02923
g14774.t1,K15423
g14775.t1,K15441
g14776.t1,K22913
g14790.t1,K00999
g14791.t1,K13617
g14792.t1,K25816
g14792.t2,K25816
g14793.t1,K02976
g14794.t1,K08658
g14906.t1,K00606
g14909.t2,K07936
g14912.t1,K11883
g14912.t2,K11883
g14914.t1,K22696
g14969.t1,K23905
g14971.t1,K01802
g14973.t1,K00615
g14975.t1,K09580
g14976.t1,K01918
g14976.t2,K01918
g14977.t1,K05665
g14980.t1,K01052
g14982.t1,K14674
g14991.t1,K05349
g15016.t1,K15040
g15017.t1,K03237
g15018.t1,K00106
g15020.t1,K17290
g15024.t1,K10277
g15024.t2,K10277
g15041.t1,K10419
g15042.t1,K02154
g15043.t1,K01893
g15047.t1,K08852
g15048.t1,K02940
g15049.t1,K08900
g15051.t1,K01265
g15052.t1,K02201
g15053.t1,K22184
g15056.t1,K17550
g15161.t1,K01581
g15161.t2,K01581
g15167.t1,K20477
g15171.t1,K01887
g15192.t1,K12132
g15195.t1,K20477
g15270.t1,K00547
g15272.t1,K22684
g15272.t2,K22684
g15275.t1,K01488
g15281.t1,K17757
g15281.t2,K17757
g15285.t1,K20891
g15287.t1,K06172
g15300.t1,K17422
g15331.t1,K02867
g15333.t1,K23727
g15334.t1,K06201
g15335.t1,K03134
g15348.t1,K15040
g15361.t1,K24935
g15372.t1,K07426
g15374.t1,K17973
g15375.t1,K08894
g15376.t1,K06642
g15376.t2,K06642
g15404.t1,K26244
g15405.t1,K08269
g15406.t1,K23565
g15407.t1,K05917
g15424.t1,K11422
g15460.t1,K12348
g15461.t1,K11842
g15464.t1,K20649
g15465.t1,K11136
g15466.t1,K15115
g15467.t1,K15335
g15468.t1,K08515
g15471.t1,K17935
g15474.t1,K03294
g15475.t1,K08597
g15475.t2,K08597
g15476.t1,K03165
g15485.t1,K02151
g15485.t2,K02151
g15499.t1,K11885
g15499.t2,K11885
g15504.t1,K24127
g15531.t1,K25217
g15533.t1,K17867
g15547.t1,K00507
g15547.t2,K00507
g15549.t1,K10405
g15554.t1,K00884
g15556.t1,K11154
g15557.t1,K15109
g15558.t1,K08838
g15558.t2,K08838
g15560.t2,K12859
g15567.t1,K10880
g15569.t1,K19612
g15579.t1,K24927
g15601.t1,K05888
g15605.t1,K07407
g15658.t1,K11849
g15659.t1,K05759
g15661.t1,K08066
g15664.t1,K10990
g15665.t1,K13212
g15666.t1,K06240
g15666.t2,K06240
g15668.t1,K25204
g15672.t1,K28359
g15674.t2,K12235
g15682.t1,K03145
g15685.t1,K28359
g15703.t1,K14455
g15738.t1,K20642
g15740.t1,K17839
g15741.t1,K13519
g15743.t1,K02685
g15744.t1,K24748
g15764.t1,K06963
g15766.t1,K16569
g15773.t1,K12827
g15790.t1,K00059
g15791.t1,K17817
g15794.t1,K17541
g15796.t1,K12858
g15801.t1,K16815
g15802.t1,K05704
g15803.t1,K01866
g15807.t1,K12828
g15809.t1,K15042
g15825.t1,K00797
g15826.t1,K00845
g15827.t1,K11798
g15828.t1,K23330
g15829.t1,K07374
g15830.t1,K14424
g15914.t1,K01230
g15914.t2,K20044
g15914.t3,K01230
g15918.t1,K05662
g15923.t1,K14416
g15925.t1,K08738
g15929.t1,K12824
g15929.t2,K12824
g15932.t1,K13293
g15933.t1,K10997
g15934.t1,K08827
g15936.t1,K06027
g15937.t1,K13345
g15938.t1,K02605
g15940.t1,K12605
g15940.t2,K12605
g15941.t1,K02955
g15942.t1,K05104
g15943.t1,K09495
g15944.t1,K14815
g15945.t1,K03014
g15946.t1,K15446
g15947.t1,K03926
g15948.t1,K14358
g15949.t1,K00274
g15950.t1,K01076
g15951.t1,K10420
g15953.t1,K23568
g15954.t1,K11206
g15955.t1,K09579
g15957.t1,K09537
g15958.t1,K11550
g15969.t1,K04345
g15970.t1,K05094
g15973.t1,K06940
g15978.t1,K11426
g15994.t1,K09022
g15995.t1,K07441
g16001.t1,K20031
g16003.t1,K20279
g16003.t2,K20279
g16006.t1,K08737
g16009.t1,K04424
g16024.t1,K24265
g16025.t2,K01823
g16025.t3,K01823
g16028.t1,K15028
g16030.t1,K07881
g16033.t1,K12188
g16034.t1,K10398
g16034.t2,K10398
g16035.t1,K19025
g16037.t1,K03243
g16040.t1,K07565
g16041.t1,K12829
g16042.t1,K28116
g16043.t1,K14018
g16043.t2,K14018
g16044.t1,K07466
g16045.t2,K19852
g16045.t3,K19852
g16046.t1,K08798
g16046.t2,K08798
g16051.t1,K05606
g16065.t1,K06989
g16065.t2,K06989
g16066.t1,K07767
g16068.t1,K13738
g16069.t1,K05925
g16069.t2,K05925
g16072.t1,K17534
g16073.t1,K02257
g16074.t1,K03005
g16075.t1,K08963
g16102.t1,K13153
g16103.t1,K14395
g16109.t1,K05925
g16109.t2,K05925
g16110.t1,K23569
g16111.t1,K14782
g16112.t1,K00472
g16115.t1,K18586
g16116.t1,K02607
g16117.t1,K00074
g16117.t2,K00074
g16122.t1,K14830
g16124.t1,K15730
g16125.t1,K25470
g16126.t1,K15791
g16127.t1,K05768
g16128.t1,K24070
g16129.t1,K13144
g16130.t1,K12175
g16131.t1,K14963
g16132.t1,K00252
g16133.t1,K16330
g16134.t1,K07342
g16135.t1,K15289
g16135.t2,K15289
g16136.t1,K14301
g16137.t1,K01867
g16137.t2,K01867
g16138.t1,K17601
g16141.t1,K17496
g16146.t1,K03850
g16148.t1,K22745
g16174.t1,K23643
g16179.t1,K04083
g16180.t1,K15177
g16183.t1,K01081
g16191.t1,K10088
g16193.t1,K14649
g16196.t1,K03348
g16197.t1,K00222
g16204.t1,K02730
g16206.t1,K08490
g16226.t1,K00826
g16226.t2,K00826
g16226.t4,K00826
g16227.t1,K02946
g16228.t1,K03133
g16262.t1,K14555
g16262.t2,K14555
g16263.t1,K03011
g16263.t2,K03011
g16264.t1,K03094
g16266.t1,K10756
g16267.t1,K20069
g16269.t1,K14546
g16270.t1,K15263
g16272.t1,K14548
g16273.t1,K10636
g16274.t1,K14285
g16276.t1,K00565
g16277.t1,K11368
g16278.t1,K12812
g16280.t1,K22940
g16280.t2,K22940
g16280.t3,K22940
g16281.t1,K19054
g16282.t1,K11096
g16283.t1,K11359
g16283.t2,K11359
g16284.t1,K04392
g16285.t1,K11324
g16286.t1,K17266
g16288.t1,K10578
g16307.t1,K17046
g16307.t2,K17046
g16308.t1,K14396
g16323.t1,K27310
g16324.t1,K10776
g16325.t1,K13719
g16343.t1,K01597
g16344.t1,K14284
g16345.t1,K07756
g16346.t1,K13146
g16347.t1,K01057
g16367.t1,K11841
g16369.t1,K18204
g16370.t1,K07893
g16371.t1,K01969
g16377.t1,K18953
g16379.t1,K24069
g16382.t1,K13101
g16384.t1,K15734
g16385.t1,K20161
g16390.t1,K05758
g16393.t1,K00771
g16398.t1,K03539
g16400.t1,K01586
g16402.t1,K18342
g16403.t1,K17637
g16407.t1,K00029
g16407.t2,K00029
g16408.t1,K15105
g16411.t1,K15688
g16413.t1,K06672
g16423.t1,K16075
g16423.t2,K16075
g16430.t1,K12850
g16431.t1,K00914
g16432.t1,K26544
g16432.t2,K26544
g16435.t1,K12309
g16436.t1,K02519
g16437.t1,K04563
g16438.t1,K05850
g16439.t1,K13155
g16451.t1,K20303
g16458.t1,K17382
g16460.t1,K08964
g16461.t1,K05109
g16462.t1,K14855
g16463.t1,K04487
g16465.t1,K01404
g16466.t1,K03248
g16466.t2,K09419
g16468.t1,K20032
g16472.t1,K06867
g16473.t1,K15146
g16474.t1,K20092
g16477.t1,K14802
g16478.t1,K13138
g16479.t1,K12840
g16480.t1,K20362
g16496.t1,K00654
g16498.t1,K05668
g16501.t1,K12869
g16504.t1,K12863
g16505.t1,K07526
g16506.t1,K00827
g16527.t1,K08832
g16529.t1,K13278
g16530.t1,K15505
g16533.t1,K02951
g16535.t1,K03013
g16535.t2,K03013
g16536.t1,K11135
g16537.t1,K04794
g16542.t1,K06698
g16543.t1,K12835
g16601.t1,K17542
g16607.t1,K02739
g16608.t1,K15113
g16609.t1,K22390
g16611.t1,K13091
g16611.t2,K13091
g16620.t1,K00456
g16644.t1,K12848
g16645.t1,K02872
g16650.t1,K27920
g16652.t1,K14864
g16652.t2,K14864
g16652.t3,K14864
g16655.t1,K16911
g16656.t1,K11352
g16663.t1,K11088
g16666.t1,K05610
g16666.t2,K05610
g16667.t1,K03965
g16690.t1,K10450
g16694.t1,K11138
g16700.t1,K06685
g16705.t1,K15541
g16722.t1,K20293
g16723.t1,K14564
g16727.t1,K21396
g16730.t1,K13979
g16732.t1,K10872
g16734.t1,K00761
g16735.t1,K23951
g16739.t1,K18624
g16745.t1,K07968
g16748.t1,K25139
g16749.t1,K02503
g16750.t1,K01858
g16754.t1,K23289
g16755.t1,K12586
g16755.t2,K12586
g16759.t1,K12173
g16762.t1,K12854
g16764.t1,K27751
g16765.t1,K04043
g16765.t2,K04043
g16766.t1,K06944
g16767.t1,K20704
g16768.t1,K11807
g16777.t1,K09487
g16797.t1,K09499
g16798.t1,K09525
g16800.t1,K02906
g16801.t1,K20791
g16802.t1,K03022
g16808.t1,K10744
g16810.t1,K20167
g16823.t1,K15425
g16825.t1,K20689
g16844.t1,K15210
g16846.t1,K19932
g16847.t1,K12400
g16847.t2,K12400
g16848.t1,K20396
g16862.t1,K00556
g16867.t1,K23026
g16872.t1,K18660
g16873.t1,K10582
g16874.t1,K01438
g16877.t1,K01206
g16878.t1,K02885
g16880.t1,K10745
g16882.t1,K12471
g16883.t1,K17906
g16884.t1,K03355
g16885.t1,K06013
g16888.t1,K12767
g16889.t1,K10276
g16889.t2,K10276
g16891.t1,K18932
g16892.t1,K14411
g16895.t1,K01875
g16896.t1,K24736
g16897.t1,K04459
g16900.t1,K14857
g16902.t1,K02542
g16905.t1,K00294
g16910.t1,K13338
g16912.t1,K03574
g16913.t1,K22761
g16916.t1,K01531
g16916.t2,K01531
g16919.t1,K01113
g16982.t1,K11275
g16983.t1,K03593
g16984.t1,K15148
g16985.t1,K20040
g16985.t2,K20040
g16986.t1,K17783
g16987.t1,K02427
g16987.t2,K15046
g16992.t1,K22758
g16994.t1,K15128
g16995.t1,K10704
g16995.t2,K10704
g16997.t1,K07223
g17000.t1,K03018
g17000.t2,K14713
g17001.t1,K09520
g17002.t1,K09598
g17003.t1,K07305
g17003.t2,K07305
g17026.t1,K00573
g17026.t2,K00573
g17097.t1,K02985
g17099.t1,K23297
g17100.t1,K00384
g17103.t1,K07975
g17127.t1,K06316
g17130.t1,K06131
g17133.t1,K10634
g17135.t1,K04936
g17137.t1,K07179
g17138.t1,K13168
g17154.t1,K07827
g17155.t1,K26410
g17160.t1,K11850
g17171.t1,K03695
g17188.t1,K08737
g17188.t2,K08737
g17188.t3,K08737
g17190.t1,K08175
g17191.t1,K17689
g17191.t2,K17689
g17195.t1,K01889
g17196.t1,K10693
g17198.t2,K01834
g17199.t1,K19347
g17200.t1,K01889
g17201.t1,K09578
g17202.t1,K02947
g17202.t2,K02947
g17204.t1,K02355
g17206.t1,K18710
g17207.t1,K15275
g17220.t1,K08894
g17227.t1,K12662
g17229.t1,K14753
g17254.t1,K11816
g17254.t2,K07222
g17273.t1,K01128
g17285.t1,K00685
g17286.t1,K25777
g17287.t1,K00801
g17291.t1,K20294
g17296.t1,K08059
g17300.t1,K08337
g17301.t1,K01103
g17302.t1,K08493
g17303.t1,K12849
g17306.t1,K20295
g17306.t2,K20295
g17307.t1,K14573
g17309.t1,K03239
g17310.t1,K23960
g17311.t1,K05294
g17311.t2,K05294
g17313.t1,K08730
g17315.t1,K01802
g17316.t1,K07304
g17337.t1,K01852
g17341.t1,K04456
g17342.t1,K09191
g17342.t2,K09191
g17352.t1,K15687
g17353.t1,K06271
g17353.t2,K06271
g17386.t1,K10601
g17387.t1,K14026
g17388.t1,K02988
g17389.t1,K15335
g17389.t2,K15335
g17392.t1,K10841
g17393.t1,K02726
g17394.t1,K19729
g17394.t2,K19729
g17397.t1,K08876
g17405.t1,K15332
g17405.t2,K15332
g17407.t1,K01515
g17408.t1,K28034
g17409.t1,K06062
g17412.t1,K01921
g17413.t1,K20721
g17413.t2,K20721
g17429.t1,K24023
g17429.t2,K24023
g17435.t1,K14589
g17435.t2,K14589
g17436.t1,K20858
g17436.t2,K20858
g17437.t1,K07542
g17438.t1,K07936
g17439.t1,K23791
g17440.t1,K03062
g17442.t1,K19196
g17443.t1,K18670
g17446.t1,K14692
g17448.t1,K02997
g17454.t1,K22937
g17454.t2,K00559
g17455.t1,K01557
g17456.t1,K25591
g17458.t1,K15430
g17461.t1,K18081
g17462.t1,K03099
g17462.t2,K03099
g17465.t1,K09585
g17467.t1,K03687
g17468.t1,K03017
g17471.t1,K12236
g17472.t1,K18726
g17473.t1,K13145
g17474.t1,K09372
g17476.t1,K10846
g17478.t1,K05728
g17479.t1,K25216
g17480.t1,K02437
g17481.t1,K00922
g17481.t2,K00922
g17482.t1,K03031
g17484.t1,K14376
g17484.t2,K14376
g17487.t1,K11435
g17490.t1,K10396
g17490.t2,K10396
g17491.t1,K20304
g17497.t1,K15537
g17497.t2,K15537
g17499.t1,K21853
g17501.t1,K26109
g17501.t2,K26109
g17502.t1,K03015
g17503.t1,K03358
g17504.t1,K01939
g17505.t1,K01726
g17506.t1,K14298
g17506.t2,K14298
g17507.t1,K09608
g17508.t1,K20493
g17509.t1,K15287
g17511.t1,K02259
g17512.t1,K13211
g17515.t1,K02737
g17516.t1,K12572
g17519.t1,K00306
g17520.t1,K04727
g17520.t2,K04727
g17521.t1,K08054
g17522.t1,K08775
g17525.t1,K12472
g17526.t1,K23797
g17527.t1,K10742
g17528.t1,K10738
g17529.t1,K02335
g17530.t1,K09420
g17531.t1,K00787
g17532.t1,K05545
g17533.t1,K12581
g17533.t3,K12581
g17534.t1,K01434
g17536.t1,K07560
g17537.t1,K04739
g17538.t1,K23460
g17539.t1,K00972
g17541.t1,K03124
g17543.t1,K15115
g17545.t1,K20726
g17546.t1,K13205
g17548.t1,K12832
g17549.t1,K00729
g17551.t1,K08853
g17552.t1,K11884
g17593.t1,K05543
g17594.t1,K01634
g17596.t1,K08333
g17601.t1,K14303
g17604.t1,K00600
g17605.t1,K03885
g17606.t1,K04079
g17608.t2,K01408
g17609.t1,K01262
g17610.t1,K02908
g17615.t1,K08333
g17617.t1,K01634
g17618.t1,K05543
g17620.t1,K12618
g17620.t2,K12618
g17620.t3,K12618
g17624.t1,K08741
g17625.t1,K06640
g17626.t1,K10631
g17627.t1,K06677
g17628.t1,K01578
g17629.t1,K12846
g17633.t1,K00261
g17637.t1,K02953
g17637.t2,K02953
g17638.t1,K12946
g17642.t1,K11373
g17645.t1,K08869
g17646.t1,K11538
g17647.t1,K01304
g17649.t1,K08887
g17650.t1,K01479
g17651.t1,K01074
g17651.t2,K01074
g17652.t1,K27951
g17653.t1,K11341
g17672.t1,K00472
g17675.t1,K03857
g17676.t1,K08334
g17678.t1,K15202
g17697.t1,K08887
g17698.t2,K24739
g17700.t1,K11251
g17701.t1,K11293
g17703.t1,K07827
g17704.t1,K18443
g17706.t1,K12819
g17710.t1,K17306
g17711.t1,K13171
g17712.t1,K27246
g17712.t2,K27246
g17713.t1,K10614
g17714.t1,K14574
g17716.t1,K19613
g17717.t1,K02929
g17737.t1,K20292
g17738.t1,K10684
g17739.t1,K24814
g17741.t1,K17535
g17742.t1,K25091
g17767.t1,K14688
g17773.t1,K04487
g17774.t1,K11680
g17775.t1,K01265
g17777.t1,K10844
g17780.t1,K07055
g17781.t1,K20642
g17782.t2,K23341
g17794.t1,K02493
g17795.t1,K12843
g17797.t1,K04718
g17798.t1,K09049
g17812.t1,K22825
g17813.t1,K09288
g17814.t1,K15710
g17817.t1,K24962
g17818.t1,K14435
g17818.t2,K14435
g17819.t1,K05665
g17821.t1,K12412
g17833.t1,K12492
g17834.t1,K02331
g17835.t1,K12606
g17836.t1,K10481
g17837.t1,K11799
g17838.t1,K10743
g17843.t1,K15201
g17844.t1,K10396
g17845.t1,K01053
g17846.t1,K15219
g17856.t1,K04348
g17861.t1,K14317
g17867.t1,K12663
g17899.t1,K20804
g17900.t1,K24399
g17901.t1,K01880
g17902.t1,K11511
g17903.t1,K06240
g17906.t1,K02180
g17907.t1,K15208
g17910.t1,K05855
g17923.t1,K00318
g17924.t1,K10356
g17925.t1,K03021
g17926.t1,K14859
g17928.t1,K03333
g17928.t2,K03333
g17929.t1,K00784
g17931.t1,K00854
g17935.t1,K00953
g17936.t1,K13181
g17940.t1,K10436
g17940.t2,K10436
g17941.t1,K26405
g17962.t1,K03800
g17963.t1,K08864
g18023.t1,K01595
g18026.t1,K24242
g18026.t2,K16815
g18054.t1,K05105
g18057.t1,K01126
g18066.t1,K16815
g18068.t1,K00469
g18068.t2,K00469
g18069.t1,K16815
g18107.t2,K08784
g18108.t1,K12479
g18110.t1,K02978
g18111.t1,K24420
g18113.t1,K19022
g18114.t1,K12158
g18117.t1,K13510
g18119.t1,K12670
g18119.t2,K12670
g18120.t1,K01027
g18121.t1,K14777
g18121.t2,K14777
g18123.t1,K23625
g18125.t1,K03131
g18126.t1,K10581
g18126.t2,K10581
g18127.t1,K07943
g18130.t1,K13161
g18130.t2,K13161
g18131.t1,K02901
g18132.t1,K15544
g18137.t1,K28206
g18151.t1,K28212
g18154.t1,K20823
g18164.t1,K03027
g18164.t2,K03027
g18167.t1,K17433
g18168.t1,K08818
g18169.t1,K14406
g18171.t1,K02330
g18173.t1,K05657
g18173.t2,K01301
g18173.t3,K10455
g18173.t4,K01301
g18175.t1,K00130
g18176.t1,K00963
g18177.t1,K04728
g18179.t1,K16536
g18180.t1,K02930
g18181.t1,K10258
g18183.t1,K08057
g18184.t1,K10839
g18184.t2,K10839
g18185.t1,K07207
g18210.t1,K10580
g18212.t1,K08647
g18212.t2,K08647
g18213.t1,K12244
g18214.t1,K21763
g18215.t1,K19179
g18216.t1,K07759
g18217.t1,K01866
g18219.t1,K13123
g18220.t1,K17686
g18221.t1,K00626
g18222.t1,K11547
g18223.t1,K15627
g18280.t1,K10661
g18281.t1,K06210
g18282.t1,K12866
g18283.t1,K12619
g18284.t1,K14790
g18285.t1,K01726
g18286.t1,K00297
g18287.t1,K10755
g18306.t1,K20195
g18307.t1,K10879
g18321.t1,K00477
g18324.t1,K14440
g18325.t1,K18798
g18325.t2,K18798
g18326.t1,K00940
g18328.t1,K04422
g18329.t1,K04419
g18332.t2,K00731
g18379.t1,K24637
g18382.t1,K08272
g18384.t1,K20636
g18397.t1,K10610
g18397.t2,K10610
g18398.t1,K02942
g18399.t1,K05699
g18400.t1,K26683
g18401.t1,K03831
g18401.t2,K03831
g18402.t1,K00683
g18403.t1,K16732
g18404.t1,K13761
g18405.t1,K15685
g18411.t1,K25202
g18411.t2,K25202
g18431.t1,K05110
g18437.t1,K12960
g18438.t1,K15837
g18464.t1,K12316
g18469.t1,K04409
g18471.t1,K01950
g18472.t1,K11984
g18472.t2,K11984
g18473.t1,K02973
g18474.t1,K23114
g18475.t1,K06174
g18476.t1,K03650
g18477.t1,K09648
g18482.t1,K08287
g18482.t2,K08287
g18484.t1,K26267
g18486.t1,K20302
g18487.t1,K06666
g18487.t2,K06666
g18488.t1,K11315
g18489.t1,K12199
g18490.t1,K04936
g18490.t2,K04936
g18508.t1,K11667
g18520.t1,K10703
g18523.t1,K26052
g18524.t1,K02892
g18527.t1,K12603
g18530.t1,K16815
g18530.t2,K16815
g18534.t1,K17534
g18540.t1,K01673
g18599.t1,K05105
g18627.t1,K07753
g18628.t1,K11886
g18629.t1,K01772
g18635.t2,K00228
g18636.t1,K18532
g18637.t1,K14304
g18638.t1,K01520
g18639.t1,K23286
g18640.t1,K04532
g18641.t1,K07277
g18643.t1,K10773
g18643.t2,K10773
g18645.t1,K08794
g18650.t1,K12390
g18655.t1,K00921
g18655.t2,K00921
g18670.t1,K05292
g18672.t1,K23026
g18677.t1,K26797
g18687.t1,K18763
g18687.t2,K18763
g18688.t1,K02202
g18702.t1,K26229
g18703.t1,K14293
g18750.t1,K23567
g18751.t1,K03350
g18754.t1,K27605
g18756.t1,K17618
g18758.t1,K14191
g18759.t1,K09880
g18759.t2,K09880
g18760.t1,K12896
g18760.t2,K12896
g18763.t1,K23344
g18778.t1,K01724
g18778.t2,K01724
g18778.t4,K01724
g18779.t1,K19788
g18788.t1,K07953
g18789.t1,K08176
g18796.t1,K15025
g18797.t1,K00054
g18798.t1,K06825
g18810.t1,K11718
g18810.t2,K11718
g18810.t3,K11718
g18810.t4,K11718
g18816.t1,K16365
g18817.t1,K06111
g18822.t1,K16369
g18823.t1,K08795
g18826.t1,K16271
g18863.t1,K08493
g18864.t1,K06670
g18865.t1,K14005
g18866.t1,K14320
g18867.t1,K12365
g18873.t1,K03848
g18874.t1,K09496
g18875.t1,K17276
g18876.t1,K11438
g18877.t1,K07300
g18883.t1,K00368
g18884.t1,K01358
g18885.t1,K26151
g18891.t1,K24418
g18892.t1,K11722
g18893.t1,K24142
g18894.t1,K12831
g18898.t1,K00798
g18900.t1,K03023
g18900.t2,K03023
g18901.t1,K15382
g18905.t1,K12311
g18907.t1,K14852
g18908.t1,K14791
g18924.t1,K01892
g18925.t1,K03833
g18926.t1,K17065
g18928.t1,K02684
g18929.t1,K18404
g18930.t1,K22390
g18932.t1,K14544
g18932.t2,K14544
g18933.t1,K07750
g18934.t1,K14767
g18935.t1,K13525
g18938.t1,K25931
g18939.t1,K09511
g18940.t1,K07748
g18942.t1,K01921
g18964.t1,K12311
g18965.t1,K05102
g18966.t1,K00859
g18969.t1,K01285
g18975.t1,K20168
g18976.t1,K07560
g18984.t1,K05941
g18985.t1,K28105
g18996.t1,K05750
g18997.t1,K11664
g19059.t1,K12176
g19059.t2,K12176
g19063.t1,K04427
g19064.t1,K21767
g19067.t1,K14816
g19068.t1,K11376
g19070.t1,K06681
g19072.t1,K06941
g19073.t1,K03931
g19076.t1,K21552
g19095.t1,K01835
g19096.t1,K14990
g19101.t1,K17362
g19140.t1,K03103
g19141.t1,K19363
g19142.t1,K03363
g19142.t2,K03363
g19184.t1,K05857
g19188.t1,K00940
g19191.t1,K02324
g19200.t1,K07785
g19201.t1,K20632
g19205.t1,K21917
g19207.t1,K04427
g19208.t1,K16586
g19210.t1,K25829
g19211.t1,K14787
g19215.t1,K03639
g19218.t1,K07756
g19221.t1,K00587
g19222.t1,K03847
g19224.t2,K15322
g19226.t1,K13105
g19228.t1,K03635
g19231.t1,K10903
g19232.t1,K06639
g19233.t1,K13140
g19234.t1,K24086
g19236.t1,K20288
g19237.t2,K07952
g19239.t1,K04392
g19243.t1,K18667
g19254.t1,K08955
g19255.t1,K01008
g19256.t1,K19704
g19258.t1,K01267
g19258.t2,K01267
g19262.t1,K08825
g19264.t1,K02958
g19264.t2,K02958
g19265.t1,K23338
g19265.t2,K23338
g19266.t1,K18086
g19266.t2,K18086
g19281.t1,K19036
g19284.t1,K00020
g19285.t1,K15198
g19286.t1,K11672
g19287.t1,K03240
g19287.t2,K03240
g19290.t1,K10843
g19291.t1,K01883
g19292.t1,K15176
g19293.t1,K00128
g19294.t1,K08866
g19294.t2,K08866
g19294.t3,K08866
g19295.t1,K05236
g19295.t2,K05236
g19297.t1,K12585
g19304.t1,K11673
g19316.t1,K10481
g19318.t1,K11519
g19319.t1,K24539
g19321.t1,K12180
g19322.t1,K04708
g19334.t1,K12389
g19336.t1,K01183
g19338.t1,K17632
g19340.t1,K07297
g19341.t1,K14962
g19342.t1,K02900
g19344.t1,K22071
g19345.t1,K02365
g19347.t1,K10403
g19348.t1,K20190
g19348.t2,K20190
g19360.t1,K03127
g19362.t1,K15336
g19363.t1,K01897
g19365.t1,K00164
g19365.t2,K00164
g19379.t1,K19199
g19382.t1,K03595
g19385.t1,K17705
g19443.t1,K20689
g19443.t2,K20689
g19443.t3,K20689
g19447.t1,K11967
g19454.t1,K01376
g19457.t1,K22558
g19461.t1,K12821
g19465.t1,K15153
g19467.t1,K02927
g19477.t1,K12655
g19482.t1,K26736
g19483.t1,K10245
g19485.t1,K03858
g19487.t1,K13148
g19497.t1,K10415
g19499.t1,K15535
g19500.t1,K14809
g19501.t1,K04794
g19502.t1,K10747
g19503.t1,K12349
g19504.t1,K12833
g19506.t1,K09584
g19507.t1,K18441
g19510.t1,K01228
g19511.t1,K12667
g19532.t1,K14801
g19541.t1,K03139
g19543.t1,K11875
g19545.t1,K14961
g19548.t1,K15277
g19551.t1,K01679
g19558.t1,K11095
g19559.t1,K01307
g19633.t1,K25866
g19679.t1,K12816
g19680.t1,K19323
g19682.t1,K19589
g19685.t1,K15449
g19685.t2,K15449
g19689.t1,K04392
g19689.t2,K04392
g19690.t1,K12307
g19698.t1,K10908
g19730.t1,K17675
g19734.t1,K15053
g19735.t1,K10754
g19738.t1,K11393
g19739.t1,K15519
g19741.t1,K14004
g19743.t1,K11583
g19749.t1,K27804
g19750.t1,K22985
g19751.t1,K23796
g19755.t1,K02877
g19795.t1,K00789
g19797.t1,K05106
g19798.t1,K05867
g19801.t1,K17609
g19803.t1,K23334
g19805.t1,K03695
g19808.t1,K10587
g19809.t1,K23312
g19810.t1,K08339
g19810.t2,K03627
g19811.t1,K06911
g19812.t1,K01640
g19813.t1,K11876
g19816.t1,K16271
g19855.t1,K02327
g19856.t1,K02896
g19857.t1,K02896
g19858.t1,K12592
g19859.t1,K08790
g19860.t1,K16803
g19926.t1,K14784
g20016.t1,K10532
g20016.t2,K10532
g20017.t1,K11649
g20018.t1,K11108
g20019.t1,K16297
g20022.t1,K00847
g20023.t1,K13987
g20023.t2,K13987
g20024.t1,K12861
g20027.t1,K22561
g20028.t1,K24104
g20029.t1,K06276
g20031.t1,K17535
g20031.t2,K17535
g20055.t1,K09506
g20056.t1,K00030
g20057.t1,K07901
g20059.t1,K17268
g20060.t1,K04523
g20061.t1,K11713
g20062.t1,K13094
g20063.t1,K17607
g20064.t1,K03026
g20066.t1,K00825
g20067.t1,K08220
g20070.t1,K22824
g20071.t1,K28171
g20076.t1,K00685
g20077.t2,K22285
g20078.t1,K14806
g20079.t1,K11153
g20106.t1,K10648
g20116.t1,K26731
g20140.t1,K20103
g20140.t2,K20103
g20141.t1,K28063
g20143.t1,K21841
g20144.t1,K01551
g20144.t2,K01551