gene,KO_ID
g18.t1,K03327
g19.t1,K01885
g20.t1,K11390
g21.t1,K19839
g22.t1,K20184
g25.t1,K07298
g26.t1,K01975
g27.t1,K01307
g27.t3,K01307
g33.t1,K22857
g34.t1,K17430
g41.t1,K10798
g41.t2,K10798
g44.t1,K05991
g45.t1,K11778
g46.t1,K00858
g48.t1,K23902
g50.t1,K25202
g51.t1,K12261
g52.t1,K03844
g54.t1,K01279
g57.t1,K03849
g60.t1,K15502
g62.t1,K12184
g63.t1,K03263
g64.t1,K17686
g65.t1,K08585
g66.t1,K15378
g67.t1,K19584
g68.t1,K13337
g68.t2,K13337
g70.t1,K05956
g71.t1,K01001
g72.t1,K03241
g76.t1,K03125
g77.t1,K24727
g77.t2,K24727
g78.t1,K06620
g81.t1,K01412
g83.t1,K23504
g83.t2,K23504
g85.t1,K12181
g87.t1,K15030
g89.t2,K09494
g92.t1,K07152
g94.t1,K12852
g94.t2,K12852
g95.t1,K05094
g97.t1,K02608
g98.t1,K23790
g104.t1,K15014
g125.t1,K02835
g126.t1,K02866
g126.t2,K02866
g127.t1,K01309
g128.t1,K06699
g129.t1,K01182
g132.t1,K22133
g132.t2,K22133
g134.t1,K00869
g136.t1,K16601
g137.t1,K18470
g137.t2,K18470
g137.t3,K18470
g138.t1,K15447
g138.t2,K15447
g140.t1,K22138
g141.t1,K05106
g143.t1,K12393
g144.t1,K06911
g145.t1,K22139
g152.t2,K01477
g154.t1,K07127
g154.t2,K07127
g155.t1,K03843
g157.t1,K04427
g158.t1,K17292
g158.t3,K17292
g195.t1,K08869
g195.t2,K08869
g195.t3,K08869
g196.t1,K00597
g197.t1,K10586
g198.t1,K03327
g210.t1,K01425
g212.t1,K05115
g214.t1,K06619
g215.t1,K27966
g216.t1,K11294
g216.t2,K11294
g217.t1,K13412
g219.t1,K20398
g220.t1,K00365
g221.t1,K13348
g222.t1,K01466
g223.t1,K01638
g233.t1,K11877
g264.t1,K04936
g277.t1,K27084
g277.t2,K27084
g288.t1,K13728
g289.t1,K05986
g293.t1,K12380
g295.t1,K08671
g295.t2,K08671
g296.t1,K10086
g300.t1,K07320
g305.t1,K19539
g310.t1,K11253
g311.t1,K03754
g322.t1,K27389
g330.t1,K12196
g331.t1,K04456
g333.t1,K08592
g400.t1,K07259
g400.t2,K07259
g406.t1,K17700
g409.t1,K11805
g410.t1,K00167
g410.t2,K00167
g411.t1,K18441
g422.t1,K20526
g428.t1,K13787
g428.t2,K13787
g429.t1,K20353
g456.t2,K24332
g458.t1,K20048
g461.t2,K24332
g463.t1,K20048
g465.t1,K21917
g467.t1,K05103
g479.t1,K03363
g479.t2,K03363
g480.t1,K03103
g480.t2,K19363
g497.t1,K00021
g498.t1,K00654
g505.t1,K03120
g513.t1,K13960
g517.t1,K00773
g517.t2,K19730
g517.t3,K00773
g517.t4,K19730
g518.t1,K03164
g518.t2,K03164
g528.t1,K05668
g531.t1,K12869
g534.t1,K12863
g535.t1,K07526
g536.t1,K00827
g538.t1,K00827
g543.t1,K08832
g545.t2,K13278
g546.t1,K15505
g546.t2,K15505
g550.t1,K02951
g552.t1,K03013
g552.t2,K03013
g553.t1,K11135
g554.t1,K04794
g554.t2,K04794
g560.t1,K06698
g561.t1,K12835
g571.t1,K13915
g573.t1,K17542
g580.t1,K02739
g581.t1,K15113
g582.t1,K22390
g584.t1,K13091
g592.t1,K19983
g594.t1,K12164
g594.t2,K12164
g595.t1,K08967
g596.t1,K05728
g605.t1,K05766
g606.t1,K03327
g619.t1,K15720
g619.t2,K15720
g625.t1,K27922
g629.t1,K05284
g631.t1,K23905
g636.t1,K22210
g638.t1,K12386
g645.t1,K00059
g646.t1,K03941
g648.t1,K24125
g648.t2,K24125
g649.t1,K05768
g650.t1,K10370
g653.t2,K20683
g654.t1,K04630
g655.t1,K06175
g655.t2,K06175
g656.t1,K04513
g658.t1,K15196
g658.t2,K15196
g659.t1,K16671
g687.t1,K05105
g719.t2,K13523
g741.t1,K22614
g769.t1,K23038
g770.t1,K00993
g771.t1,K10352
g772.t1,K01681
g773.t1,K09761
g774.t1,K20242
g779.t1,K08292
g784.t1,K08739
g784.t2,K08739
g826.t1,K13346
g827.t1,K03294
g827.t2,K03294
g832.t1,K06171
g832.t2,K06171
g834.t1,K00551
g834.t2,K00551
g835.t2,K15323
g836.t1,K10686
g853.t1,K07205
g858.t1,K00963
g869.t1,K25790
g870.t1,K00948
g872.t1,K16912
g888.t1,K00731
g891.t1,K12735
g891.t2,K12735
g893.t1,K00253
g894.t1,K05676
g895.t1,K15046
g895.t2,K15046
g896.t1,K10885
g897.t1,K14819
g906.t1,K15920
g907.t1,K18260
g907.t2,K18260
g926.t1,K20472
g926.t2,K20472
g941.t1,K00987
g942.t1,K12493
g942.t2,K12493
g954.t1,K00275
g956.t1,K04706
g956.t2,K04706
g959.t1,K10570
g962.t1,K14209
g965.t1,K07765
g966.t1,K10632
g969.t1,K14209
g971.t1,K10570
g988.t1,K13051
g989.t1,K02962
g990.t1,K13051
g993.t1,K00789
g994.t1,K14288
g994.t2,K14288
g995.t1,K12847
g996.t1,K19604
g998.t2,K15789
g1000.t2,K00639
g1001.t1,K11450
g1002.t1,K04718
g1003.t1,K13939
g1003.t2,K13939
g1004.t1,K17605
g1005.t1,K01354
g1006.t1,K20224
g1009.t1,K05349
g1011.t1,K08495
g1043.t1,K00995
g1043.t2,K00995
g1044.t1,K11325
g1045.t1,K00503
g1047.t1,K07407
g1048.t1,K00476
g1049.t1,K01280
g1050.t1,K05011
g1050.t2,K05011
g1054.t1,K14773
g1055.t1,K05769
g1066.t1,K15117
g1066.t2,K15117
g1068.t1,K09488
g1073.t1,K22987
g1073.t2,K22987
g1079.t1,K03504
g1079.t2,K03504
g1080.t1,K07874
g1081.t1,K05286
g1082.t1,K02880
g1084.t1,K14773
g1093.t2,K05540
g1096.t1,K03868
g1096.t2,K03868
g1096.t3,K03868
g1099.t1,K14381
g1100.t1,K23234
g1103.t1,K28167
g1103.t2,K28167
g1104.t1,K14780
g1107.t1,K14800
g1109.t1,K01867
g1110.t1,K01881
g1110.t2,K01881
g1114.t1,K08844
g1116.t1,K01809
g1124.t2,K20194
g1125.t1,K11187
g1126.t1,K20473
g1126.t2,K20473
g1126.t3,K20473
g1127.t1,K22522
g1132.t1,K02349
g1132.t2,K02349
g1132.t3,K02349
g1132.t4,K02349
g1133.t1,K20820
g1134.t1,K10484
g1134.t2,K10484
g1137.t1,K11098
g1138.t1,K05745
g1139.t1,K01972
g1139.t2,K01972
g1141.t1,K20182
g1151.t1,K10400
g1151.t2,K10400
g1151.t3,K10400
g1152.t1,K16465
g1153.t1,K00927
g1154.t1,K20180
g1155.t1,K20826
g1156.t1,K12736
g1156.t2,K12736
g1157.t1,K08288
g1157.t2,K08288
g1158.t1,K11345
g1160.t1,K11267
g1160.t2,K11267
g1161.t1,K17824
g1161.t2,K17824
g1162.t3,K02155
g1163.t1,K11548
g1165.t1,K10882
g1167.t1,K09646
g1171.t1,K09931
g1191.t1,K19371
g1192.t1,K09498
g1192.t2,K09498
g1192.t3,K02265
g1198.t1,K03259
g1199.t1,K11654
g1200.t1,K05110
g1201.t1,K01082
g1202.t1,K18752
g1227.t1,K00987
g1233.t1,K11269
g1234.t1,K19199
g1234.t2,K19199
g1235.t1,K21421
g1237.t1,K19525
g1238.t1,K23327
g1240.t1,K21813
g1243.t1,K08892
g1245.t1,K03861
g1246.t1,K23040
g1250.t1,K11684
g1251.t1,K02961
g1253.t1,K24536
g1253.t2,K24536
g1254.t1,K09564
g1255.t1,K10991
g1256.t1,K03439
g1263.t1,K03953
g1263.t2,K03953
g1264.t1,K02003
g1268.t1,K11414
g1271.t1,K18327
g1271.t2,K18327
g1272.t1,K00586
g1273.t2,K14775
g1274.t1,K10771
g1275.t1,K04536
g1277.t1,K15433
g1335.t1,K23344
g1338.t1,K12896
g1338.t2,K12896
g1339.t1,K09880
g1339.t2,K09880
g1340.t1,K14191
g1342.t1,K17618
g1344.t1,K27605
g1347.t1,K03350
g1347.t2,K03350
g1347.t3,K03350
g1348.t1,K23567
g1389.t1,K14293
g1390.t1,K26229
g1404.t1,K02202
g1405.t1,K18763
g1405.t3,K18763
g1415.t1,K26797
g1415.t2,K26797
g1420.t1,K23026
g1422.t1,K05292
g1439.t1,K00921
g1439.t2,K00921
g1444.t1,K12390
g1450.t1,K08794
g1452.t2,K10773
g1454.t1,K07277
g1455.t1,K04532
g1456.t1,K23286
g1457.t1,K01520
g1458.t1,K14304
g1459.t1,K18532
g1460.t2,K00228
g1460.t3,K00228
g1463.t1,K01772
g1464.t1,K11886
g1465.t1,K07753
g1473.t1,K06969
g1489.t2,K10520
g1561.t1,K00547
g1561.t2,K00547
g1563.t1,K22684
g1567.t1,K01488
g1567.t2,K01488
g1567.t3,K01488
g1574.t1,K17757
g1578.t1,K20891
g1578.t2,K20891
g1593.t1,K17422
g1611.t1,K00232
g1626.t1,K17576
g1708.t1,K24141
g1709.t1,K03141
g1728.t1,K05396
g1728.t3,K05396
g1732.t1,K24939
g1733.t1,K03575
g1736.t1,K01885
g1740.t1,K08073
g1741.t1,K09001
g1742.t1,K10869
g1747.t1,K04936
g1748.t1,K12836
g1748.t2,K12836
g1749.t1,K21915
g1761.t1,K12795
g1764.t1,K15451
g1765.t1,K17803
g1767.t1,K09647
g1767.t2,K09647
g1769.t1,K16848
g1770.t2,K19613
g1772.t1,K21389
g1774.t1,K23869
g1776.t1,K03341
g1824.t1,K03495
g1825.t1,K14677
g1830.t1,K10594
g1830.t2,K10594
g1830.t3,K10594
g1831.t2,K07375
g1832.t1,K04554
g1833.t1,K01514
g1834.t1,K02936
g1840.t1,K13125
g1841.t1,K02899
g1843.t1,K01392
g1843.t2,K01392
g1843.t3,K01392
g1852.t2,K08073
g1853.t1,K24155
g1854.t1,K11137
g1855.t1,K08736
g1856.t1,K02183
g1869.t1,K00452
g1871.t1,K01192
g1874.t1,K23878
g1874.t2,K23878
g1876.t1,K15181
g1877.t1,K10598
g1879.t1,K11844
g1894.t1,K13988
g1909.t1,K00693
g1911.t1,K18678
g1911.t2,K18678
g1912.t1,K13355
g1936.t1,K06671
g1939.t1,K20407
g1940.t1,K03246
g1941.t1,K00850
g1942.t1,K07300
g1944.t1,K08282
g1945.t2,K20300
g1947.t2,K11375
g1949.t1,K06679
g1957.t1,K10901
g1958.t1,K16913
g1959.t1,K24780
g1959.t2,K24780
g1960.t1,K23295
g1961.t1,K08329
g1964.t1,K00030
g1965.t1,K00803
g1966.t1,K02219
g1967.t1,K23679
g1967.t2,K11090
g1968.t1,K14810
g1968.t2,K14810
g1970.t1,K25201
g1971.t1,K12883
g1972.t1,K05111
g1977.t1,K10727
g1979.t1,K11493
g1983.t1,K24317
g2032.t1,K01647
g2035.t1,K03217
g2038.t1,K16587
g2038.t2,K16587
g2039.t1,K02894
g2040.t2,K18914
g2041.t1,K10877
g2042.t1,K25639
g2043.t1,K03253
g2043.t2,K03253
g2045.t1,K08838
g2046.t1,K26935
g2046.t2,K26935
g2047.t1,K02321
g2048.t1,K14617
g2049.t1,K22066
g2049.t2,K22066
g2050.t1,K22069
g2065.t1,K06626
g2066.t1,K24928
g2069.t1,K15192
g2069.t2,K15192
g2069.t3,K15192
g2070.t1,K08960
g2087.t1,K10524
g2087.t2,K10524
g2087.t4,K10524
g2088.t1,K13095
g2089.t1,K01875
g2090.t1,K06128
g2093.t1,K14319
g2121.t1,K16770
g2121.t2,K16770
g2122.t1,K13160
g2126.t1,K12373
g2132.t1,K04362
g2136.t1,K15121
g2137.t1,K13118
g2138.t1,K00621
g2139.t1,K02003
g2140.t1,K06287
g2141.t1,K23552
g2142.t1,K08246
g2144.t1,K06942
g2144.t2,K06942
g2147.t1,K02206
g2147.t2,K02206
g2149.t1,K15158
g2151.t1,K09048
g2153.t1,K05291
g2155.t1,K08789
g2156.t1,K14312
g2157.t1,K14774
g2158.t1,K07933
g2159.t1,K21776
g2159.t2,K21776
g2160.t1,K14553
g2161.t1,K16794
g2162.t1,K03255
g2165.t1,K19219
g2166.t1,K24047
g2166.t2,K24047
g2168.t1,K10730
g2172.t1,K11093
g2173.t1,K09548
g2175.t1,K08681
g2176.t1,K06215
g2177.t1,K14832
g2177.t3,K14832
g2179.t1,K25830
g2179.t2,K25830
g2180.t1,K26118
g2180.t2,K26118
g2181.t1,K12260
g2186.t1,K18980
g2188.t1,K08501
g2189.t1,K15200
g2192.t1,K27920
g2195.t1,K03949
g2199.t1,K24195
g2199.t2,K24195
g2205.t1,K05658
g2206.t1,K05399
g2207.t1,K01620
g2208.t1,K19828
g2209.t1,K15026
g2209.t2,K15026
g2210.t1,K15180
g2211.t1,K06176
g2212.t1,K17301
g2213.t1,K25006
g2214.t1,K06199
g2214.t2,K06199
g2219.t1,K26006
g2220.t1,K14399
g2220.t2,K14399
g2222.t1,K05658
g2223.t1,K10144
g2225.t1,K12602
g2247.t2,K27818
g2248.t1,K24741
g2249.t1,K06636
g2250.t1,K14454
g2252.t1,K12627
g2253.t1,K01881
g2267.t1,K05730
g2271.t1,K02979
g2272.t1,K12873
g2273.t1,K12839
g2284.t1,K01099
g2291.t1,K11491
g2291.t2,K11491
g2291.t3,K11491
g2292.t1,K10481
g2294.t1,K14328
g2295.t1,K15691
g2295.t2,K15691
g2295.t3,K24827
g2296.t1,K00726
g2296.t2,K00726
g2297.t1,K26154
g2299.t1,K05677
g2301.t1,K13887
g2301.t2,K13886
g2319.t1,K00604
g2319.t2,K00604
g2321.t1,K06691
g2322.t1,K06633
g2323.t1,K00920
g2324.t1,K18466
g2325.t1,K20352
g2325.t2,K20352
g2326.t1,K16675
g2327.t1,K12392
g2328.t1,K02325
g2330.t1,K14314
g2333.t1,K12868
g2334.t1,K00894
g2335.t1,K13110
g2336.t1,K02876
g2338.t1,K15542
g2338.t2,K15542
g2382.t1,K24456
g2391.t1,K09267
g2394.t1,K18435
g2394.t2,K18435
g2398.t1,K02888
g2401.t1,K24348
g2402.t1,K26151
g2403.t1,K13121
g2411.t1,K19986
g2417.t1,K08515
g2420.t1,K01535
g2421.t1,K03107
g2426.t1,K11578
g2426.t2,K11578
g2430.t1,K03260
g2440.t1,K07375
g2482.t1,K05349
g2482.t2,K05349
g2490.t1,K14674
g2496.t1,K05665
g2496.t2,K05665
g2497.t1,K01918
g2497.t2,K01918
g2498.t1,K09580
g2500.t1,K00615
g2502.t1,K05864
g2504.t1,K23905
g2524.t1,K04447
g2557.t1,K22696
g2559.t1,K11883
g2559.t2,K11883
g2562.t1,K07936
g2565.t1,K00606
g2676.t1,K08658
g2677.t1,K02976
g2678.t1,K25816
g2678.t2,K25816
g2679.t1,K13617
g2680.t1,K00999
g2715.t1,K08493
g2716.t1,K06670
g2717.t1,K14005
g2717.t2,K14005
g2718.t1,K14320
g2719.t1,K19842
g2728.t1,K03848
g2729.t1,K09496
g2730.t1,K17276
g2731.t1,K11438
g2732.t1,K07300
g2740.t1,K00368
g2741.t1,K01358
g2742.t1,K26151
g2742.t2,K22305
g2748.t1,K24418
g2748.t2,K24418
g2750.t1,K24142
g2751.t1,K12831
g2756.t1,K03940
g2802.t1,K03169
g2803.t1,K01046
g2805.t1,K18042
g2810.t1,K17533
g2810.t2,K17533
g2810.t3,K04426
g2816.t1,K07305
g2818.t1,K24498
g2819.t1,K14837
g2820.t1,K05105
g2823.t1,K00069
g2824.t1,K05181
g2826.t1,K01409
g2827.t1,K03842
g2828.t1,K07146
g2830.t1,K03424
g2830.t2,K03424
g2832.t1,K01872
g2834.t1,K23296
g2834.t2,K23296
g2836.t1,K10891
g2854.t1,K20347
g2857.t1,K15164
g2857.t2,K15164
g2866.t1,K08762
g2867.t1,K03859
g2886.t1,K18764
g2911.t1,K03320
g2913.t1,K01409
g2928.t1,K01419
g2928.t3,K01419
g2929.t1,K23978
g2931.t1,K05107
g2932.t1,K14437
g2932.t2,K14437
g2935.t1,K05857
g2938.t1,K07836
g2938.t2,K07836
g2938.t3,K02957
g2939.t1,K01719
g2941.t1,K03695
g2942.t1,K16897
g2978.t1,K04512
g2979.t1,K03438
g2979.t2,K03438
g2980.t1,K03685
g2981.t1,K09497
g2983.t1,K08991
g2984.t1,K05906
g2985.t1,K07918
g2986.t1,K03145
g2987.t1,K14523
g2988.t1,K07071
g2989.t1,K10583
g2990.t1,K12892
g2991.t1,K07304
g2991.t2,K07304
g2992.t1,K12345
g2993.t1,K13139
g2993.t2,K13139
g3001.t1,K13099
g3002.t1,K15110
g3003.t1,K02735
g3004.t1,K02917
g3006.t1,K03037
g3006.t2,K03037
g3007.t1,K12160
g3008.t1,K19306
g3008.t2,K19306
g3010.t2,K15174
g3013.t1,K11806
g3014.t1,K06674
g3016.t1,K02150
g3017.t1,K20296
g3018.t2,K00858
g3019.t1,K03870
g3019.t2,K03870
g3019.t3,K10427
g3019.t4,K03870
g3022.t1,K14802
g3025.t1,K14844
g3050.t1,K03943
g3052.t1,K03686
g3069.t1,K27389
g3071.t1,K26415
g3082.t1,K16262
g3095.t1,K10609
g3099.t1,K01634
g3100.t1,K12607
g3102.t1,K16570
g3102.t2,K16570
g3106.t1,K08818
g3106.t2,K08818
g3106.t3,K17822
g3106.t4,K08818
g3108.t1,K19932
g3110.t1,K07203
g3112.t1,K02738
g3152.t1,K04427
g3168.t1,K12855
g3174.t1,K03860
g3175.t1,K07868
g3176.t1,K11322
g3188.t2,K24983
g3189.t1,K10356
g3190.t1,K02950
g3192.t1,K03233
g3214.t1,K14305
g3219.t1,K17703
g3220.t1,K11789
g3267.t2,K23026
g3269.t1,K20131
g3270.t1,K22943
g3291.t1,K23287
g3292.t1,K23398
g3294.t1,K05105
g3322.t2,K16815
g3323.t1,K24242
g3323.t2,K24242
g3375.t1,K17278
g3377.t1,K01302
g3377.t2,K01302
g3386.t1,K08739
g3386.t2,K08739
g3386.t3,K08739
g3386.t4,K08739
g3413.t1,K14455
g3415.t1,K09668
g3430.t1,K01392
g3431.t1,K28359
g3431.t2,K28359
g3434.t1,K03145
g3439.t1,K06684
g3439.t2,K06684
g3441.t1,K12235
g3443.t1,K28359
g3443.t2,K28359
g3444.t1,K01392
g3446.t1,K25204
g3446.t2,K25204
g3446.t3,K25204
g3448.t1,K06240
g3480.t1,K20704
g3483.t1,K20636
g3488.t1,K24104
g3488.t2,K24104
g3489.t1,K13295
g3490.t1,K24738
g3493.t1,K14793
g3494.t1,K06641
g3494.t2,K06641
g3498.t1,K10849
g3499.t1,K09478
g3499.t2,K09478
g3500.t1,K24051
g3500.t2,K24051
g3501.t1,K03546
g3525.t1,K04447
g3527.t1,K00511
g3528.t1,K08272
g3530.t1,K20636
g3531.t1,K21486
g3531.t2,K21486
g3532.t1,K13348
g3536.t1,K20193
g3540.t1,K00273
g3540.t2,K00273
g3542.t1,K08851
g3545.t1,K20718
g3551.t1,K05110
g3583.t1,K17893
g3583.t2,K17893
g3584.t1,K21421
g3592.t1,K06580
g3597.t1,K17576
g3627.t1,K04854
g3627.t2,K04851
g3631.t1,K14822
g3632.t1,K12398
g3635.t1,K26752
g3638.t1,K00804
g3644.t2,K17613
g3650.t1,K24737
g3650.t2,K24737
g3662.t1,K03251
g3665.t1,K24796
g3665.t2,K24796
g3668.t1,K00968
g3682.t1,K14685
g3699.t1,K08956
g3700.t1,K22766
g3703.t1,K06173
g3704.t1,K17338
g3705.t1,K08489
g3706.t1,K17419
g3708.t1,K20404
g3710.t1,K14299
g3711.t1,K15559
g3711.t2,K15559
g3713.t1,K20291
g3714.t1,K24260
g3714.t2,K24260
g3715.t1,K14821
g3719.t1,K14784
g3815.t1,K01792
g3816.t1,K12624
g3817.t1,K01513
g3818.t1,K12316
g3819.t1,K14998
g3819.t2,K14998
g3820.t1,K15156
g3821.t1,K17800
g3825.t1,K24974
g3843.t1,K08286
g3843.t2,K08286
g3853.t1,K20242
g3855.t1,K02520
g3855.t2,K02520
g3856.t1,K00029
g3857.t1,K15076
g3858.t1,K20799
g3860.t1,K09500
g3861.t1,K13100
g3865.t1,K23298
g3866.t1,K23298
g3868.t1,K10696
g3868.t2,K10696
g3871.t2,K19784
g3878.t1,K05108
g3887.t1,K06988
g3889.t1,K00469
g3890.t1,K16815
g3890.t2,K16815
g3928.t1,K14310
g3939.t1,K24815
g3940.t2,K08850
g3941.t1,K11099
g3942.t1,K17968
g3944.t1,K14306
g3944.t2,K14306
g3946.t1,K08486
g3947.t1,K22560
g3949.t1,K18467
g3950.t1,K09667
g3951.t1,K14326
g3952.t1,K15175
g3956.t1,K20315
g3957.t2,K06683
g3958.t1,K07195
g3958.t2,K07195
g3959.t1,K01147
g3960.t1,K20318
g3961.t1,K15901
g3964.t1,K15423
g3964.t2,K15423
g3965.t1,K15441
g3965.t2,K15441
g3967.t1,K22913
g3977.t1,K15731
g3978.t1,K02977
g3980.t1,K10842
g3983.t1,K09553
g3984.t1,K14324
g3984.t2,K14324
g3984.t3,K03524
g3986.t1,K00103
g3990.t1,K02938
g3991.t1,K08513
g3999.t1,K01494
g4049.t1,K22804
g4061.t1,K06110
g4175.t1,K01595
g4175.t2,K01595
g4178.t1,K24242
g4178.t2,K24242
g4223.t1,K10994
g4224.t1,K07827
g4251.t1,K01619
g4254.t1,K10755
g4254.t2,K10755
g4256.t1,K00616
g4258.t1,K25100
g4259.t1,K08892
g4260.t1,K11294
g4264.t1,K26222
g4265.t1,K09584
g4265.t2,K09584
g4276.t1,K05110
g4289.t1,K14565
g4290.t4,K03259
g4291.t1,K13335
g4292.t1,K02516
g4296.t1,K28005
g4299.t1,K00820
g4311.t1,K00456
g4336.t1,K12848
g4337.t1,K02872
g4344.t1,K14864
g4344.t2,K14864
g4346.t2,K16911
g4347.t2,K10879
g4365.t2,K00477
g4369.t1,K14440
g4370.t1,K18798
g4370.t2,K18798
g4371.t1,K00940
g4373.t1,K04422
g4378.t2,K00731
g4383.t1,K04630
g4384.t1,K09539
g4385.t1,K03028
g4392.t1,K17710
g4392.t2,K17710
g4393.t1,K24970
g4421.t1,K17933
g4432.t1,K10356
g4433.t1,K19583
g4435.t1,K03097
g4435.t2,K03097
g4437.t1,K03249
g4438.t1,K18172
g4439.t1,K21198
g4443.t1,K03065
g4444.t1,K11229
g4445.t1,K06695
g4454.t1,K13127
g4459.t1,K20301
g4459.t2,K20301
g4460.t1,K00993
g4461.t1,K02910
g4463.t1,K00024
g4464.t1,K17534
g4503.t1,K15732
g4506.t1,K00413
g4506.t2,K00413
g4507.t1,K24816
g4507.t2,K24816
g4509.t1,K06688
g4510.t1,K02212
g4510.t2,K02212
g4511.t1,K14821
g4544.t1,K08051
g4546.t1,K17878
g4546.t2,K17878
g4549.t1,K00816
g4549.t2,K00816
g4549.t3,K00816
g4550.t1,K08844
g4551.t1,K13993
g4551.t2,K13993
g4567.t1,K22943
g4567.t2,K22943
g4605.t1,K23287
g4606.t1,K10416
g4627.t1,K00948
g4632.t1,K20193
g4639.t1,K03010
g4640.t1,K00380
g4647.t1,K12864
g4647.t2,K12864
g4648.t1,K12329
g4648.t2,K12329
g4649.t1,K27310
g4649.t2,K27310
g4658.t1,K10481
g4661.t1,K10732
g4661.t2,K10732
g4683.t1,K22540
g4707.t1,K08065
g4709.t1,K12489
g4711.t1,K10875
g4713.t1,K10691
g4770.t1,K11367
g4771.t1,K16576
g4772.t1,K23093
g4773.t1,K14154
g4787.t1,K15363
g4788.t1,K18081
g4788.t2,K18081
g4817.t1,K10956
g4817.t2,K04418
g4817.t3,K10956
g4818.t1,K20040
g4838.t1,K10845
g4839.t1,K11416
g4842.t1,K20915
g4842.t2,K20915
g4843.t1,K17500
g4850.t1,K13206
g4867.t1,K11233
g4870.t1,K15121
g4913.t1,K16296
g4913.t2,K16296
g4920.t1,K05692
g4920.t2,K05692
g4920.t3,K01756
g4938.t1,K25866
g4982.t1,K12816
g4983.t1,K19323
g4986.t1,K19589
g4986.t2,K19589
g4989.t1,K15449
g4994.t1,K04392
g4995.t1,K12307
g4995.t2,K12307
g5003.t1,K10908
g5032.t1,K17675
g5036.t1,K15053
g5037.t1,K10754
g5040.t1,K11393
g5040.t2,K11393
g5042.t1,K15519
g5044.t1,K14004
g5046.t1,K11583
g5052.t1,K27804
g5053.t1,K22985
g5054.t1,K23796
g5059.t1,K09658
g5060.t1,K02877
g5098.t1,K00789
g5098.t2,K00067
g5099.t1,K20891
g5100.t1,K05106
g5101.t1,K05867
g5104.t1,K17609
g5106.t1,K23334
g5108.t1,K03695
g5112.t1,K10587
g5113.t1,K23312
g5114.t1,K08339
g5114.t2,K08339
g5114.t3,K03627
g5115.t1,K06911
g5116.t1,K01640
g5117.t1,K11876
g5120.t1,K16271
g5132.t1,K11854
g5133.t1,K14863
g5134.t1,K02326
g5134.t2,K02326
g5135.t1,K14397
g5138.t1,K17944
g5138.t2,K17943
g5139.t1,K19365
g5141.t1,K03019
g5142.t1,K08734
g5142.t2,K08734
g5143.t2,K02883
g5144.t1,K07890
g5144.t2,K07890
g5145.t1,K23612
g5148.t1,K14776
g5164.t1,K14827
g5165.t1,K14415
g5166.t1,K07074
g5168.t1,K03132
g5168.t2,K03132
g5172.t1,K14213
g5172.t2,K14213
g5173.t1,K01196
g5174.t1,K03000
g5175.t1,K03937
g5176.t1,K02555
g5199.t1,K03872
g5200.t1,K00757
g5212.t1,K02725
g5221.t1,K28153
g5225.t1,K04688
g5227.t2,K00731
g5229.t1,K00615
g5230.t1,K07937
g5239.t1,K01373
g5243.t1,K25442
g5275.t1,K24070
g5277.t1,K24891
g5278.t1,K00705
g5279.t1,K15445
g5281.t1,K17610
g5282.t1,K04460
g5283.t1,K13207
g5283.t2,K13207
g5290.t1,K23796
g5291.t1,K23562
g5291.t2,K23562
g5292.t1,K03469
g5294.t1,K00311
g5295.t1,K27288
g5297.t4,K01824
g5298.t1,K26230
g5301.t2,K14302
g5302.t1,K00643
g5302.t2,K00643
g5303.t1,K01599
g5303.t2,K01599
g5304.t1,K01749
g5305.t1,K00231
g5307.t1,K02148
g5308.t1,K05767
g5308.t2,K05767
g5310.t1,K07206
g5311.t1,K03259
g5311.t2,K03259
g5316.t1,K02328
g5316.t2,K02328
g5318.t1,K17286
g5321.t2,K20133
g5338.t1,K14570
g5338.t2,K14570
g5339.t2,K01166
g5340.t1,K03942
g5342.t1,K12811
g5342.t2,K12811
g5344.t1,K08266
g5357.t1,K10481
g5361.t1,K01127
g5362.t1,K12600
g5364.t1,K11994
g5365.t1,K03392
g5367.t1,K18442
g5371.t1,K07023
g5371.t2,K07023
g5372.t1,K13093
g5373.t1,K03351
g5374.t1,K25059
g5375.t1,K03007
g5377.t1,K24887
g5378.t1,K24887
g5381.t1,K01126
g5412.t1,K01273
g5412.t2,K01273
g5413.t1,K20756
g5414.t1,K05546
g5414.t2,K05546
g5415.t1,K24169
g5415.t2,K24169
g5416.t1,K13187
g5417.t1,K08829
g5419.t1,K18183
g5421.t1,K07198
g5422.t1,K07199
g5423.t1,K23879
g5424.t1,K10699
g5427.t1,K06067
g5427.t2,K06067
g5427.t3,K06067
g5428.t1,K09531
g5429.t1,K13800
g5430.t1,K00472
g5434.t1,K12664
g5435.t1,K07562
g5455.t1,K14836
g5457.t1,K01698
g5457.t2,K01698
g5459.t1,K23544
g5460.t1,K00113
g5461.t1,K18911
g5461.t2,K18911
g5462.t1,K18912
g5463.t1,K01887
g5464.t1,K13342
g5465.t1,K15448
g5466.t1,K15304
g5467.t1,K12947
g5470.t1,K03142
g5470.t2,K03142
g5471.t1,K00857
g5478.t1,K01968
g5478.t2,K01968
g5479.t1,K12626
g5484.t1,K07442
g5484.t3,K07442
g5488.t1,K17606
g5489.t1,K27705
g5490.t1,K09503
g5492.t1,K12161
g5495.t1,K01288
g5496.t1,K01873
g5496.t2,K01873
g5501.t1,K01551
g5501.t2,K01551
g5502.t1,K21841
g5504.t1,K28063
g5505.t1,K20103
g5529.t1,K26731
g5529.t2,K26731
g5539.t1,K10648
g5566.t1,K11161
g5567.t1,K14806
g5568.t1,K26106
g5569.t3,K22285
g5570.t1,K00685
g5575.t1,K28171
g5576.t1,K22824
g5580.t1,K08220
g5581.t1,K00825
g5581.t2,K00825
g5581.t3,K00825
g5583.t1,K03026
g5584.t1,K17607
g5585.t1,K13094
g5586.t1,K11713
g5587.t1,K04523
g5588.t1,K17268
g5590.t1,K07901
g5591.t1,K00030
g5592.t1,K09506
g5613.t1,K17535
g5613.t2,K17535
g5616.t1,K06276
g5617.t1,K24104
g5618.t1,K22561
g5621.t1,K12861
g5622.t1,K13987
g5623.t1,K00847
g5626.t1,K16297
g5627.t1,K11108
g5628.t1,K11649
g5629.t1,K10532
g5629.t2,K10532
g5675.t1,K05109
g5689.t1,K20040
g5689.t2,K20040
g5692.t1,K14769
g5693.t1,K14566
g5693.t2,K14566
g5695.t1,K01807
g5695.t2,K01807
g5697.t1,K14311
g5700.t1,K14797
g5707.t1,K00031
g5708.t1,K14563
g5737.t1,K12132
g5737.t2,K12132
g5773.t1,K05110
g5781.t1,K03267
g5782.t1,K05681
g5787.t1,K22063
g5788.t1,K02146
g5790.t1,K11127
g5804.t1,K01908
g5810.t1,K17080
g5811.t1,K10892
g5811.t2,K10892
g5812.t1,K24195
g5813.t1,K10739
g5813.t2,K10739
g5814.t1,K14798
g5815.t1,K22073
g5816.t1,K14829
g5816.t2,K14829
g5817.t1,K12625
g5818.t1,K25058
g5819.t1,K12486
g5820.t1,K06927
g5834.t1,K00276
g5835.t1,K19984
g5863.t2,K21768
g5864.t1,K13120
g5865.t1,K07512
g5866.t2,K15203
g5878.t1,K17424
g5878.t2,K17424
g5882.t1,K00109
g5883.t1,K00681
g5883.t2,K00681
g5885.t1,K24824
g5887.t1,K00997
g5914.t1,K18663
g5916.t1,K24742
g5917.t1,K22128
g5917.t2,K22128
g5920.t1,K00799
g5924.t1,K13350
g5924.t2,K13350
g5925.t1,K20724
g5929.t1,K12196
g5930.t1,K20222
g5930.t2,K20222
g5942.t1,K07953
g5943.t1,K12823
g5944.t1,K10838
g5944.t2,K10838
g5963.t1,K17908
g5964.t1,K03386
g5966.t1,K06630
g5967.t1,K07583
g5968.t1,K14684
g5970.t1,K14805
g5971.t1,K11802
g5971.t2,K11802
g5973.t1,K09595
g5992.t1,K05110
g5995.t1,K12571
g5996.t1,K05289
g5996.t2,K05289
g5996.t3,K05289
g5998.t1,K27084
g5998.t2,K27084
g6018.t1,K12165
g6019.t1,K01876
g6020.t1,K02357
g6022.t1,K02943
g6024.t1,K03671
g6027.t1,K08819
g6027.t2,K08819
g6028.t1,K11529
g6028.t2,K11529
g6029.t2,K22381
g6031.t1,K06127
g6040.t1,K14763
g6040.t2,K14763
g6042.t1,K12179
g6043.t1,K10895
g6045.t1,K04422
g6061.t1,K14835
g6062.t1,K04423
g6067.t1,K03105
g6070.t1,K03417
g6072.t1,K12462
g6085.t1,K17821
g6085.t2,K17821
g6087.t1,K07870
g6089.t1,K24825
g6090.t1,K05752
g6096.t1,K08267
g6097.t1,K08267
g6098.t1,K06662
g6099.t1,K20100
g6099.t2,K20100
g6100.t1,K12190
g6101.t1,K21889
g6108.t1,K03008
g6110.t1,K02964
g6112.t1,K12842
g6113.t1,K02885
g6114.t1,K25291
g6151.t1,K06619
g6167.t1,K01065
g6250.t1,K08870
g6251.t1,K11294
g6271.t1,K12896
g6272.t1,K01490
g6274.t1,K01363
g6274.t2,K01363
g6287.t1,K10595
g6287.t2,K10595
g6287.t3,K10595
g6287.t4,K10595
g6310.t1,K01205
g6311.t1,K07019
g6313.t1,K02921
g6314.t1,K03106
g6315.t1,K12193
g6328.t1,K10481
g6331.t1,K10577
g6332.t1,K16860
g6348.t1,K22614
g6348.t2,K22614
g6348.t3,K22614
g6363.t1,K16449
g6363.t2,K16449
g6367.t1,K24956
g6368.t1,K23490
g6375.t1,K11000
g6377.t1,K25167
g6385.t1,K01056
g6389.t1,K07827
g6396.t1,K18730
g6396.t2,K18730
g6397.t1,K02915
g6408.t1,K03845
g6411.t1,K18758
g6412.t1,K02183
g6413.t1,K13103
g6413.t2,K13103
g6415.t2,K13303
g6420.t1,K20307
g6421.t1,K00649
g6421.t2,K00649
g6426.t1,K04646
g6427.t1,K12856
g6428.t1,K13344
g6429.t1,K06634
g6429.t2,K06634
g6430.t1,K22282
g6431.t1,K00249
g6434.t1,K17535
g6434.t2,K17535
g6444.t1,K19511
g6447.t1,K10297
g6448.t1,K03955
g6453.t1,K13953
g6467.t3,K15119
g6468.t1,K06975
g6468.t2,K06975
g6469.t1,K28083
g6472.t1,K10481
g6476.t1,K05105
g6520.t1,K00670
g6522.t1,K15161
g6522.t2,K15161
g6523.t1,K02537
g6524.t1,K00809
g6525.t1,K20408
g6525.t2,K20408
g6526.t1,K03115
g6526.t2,K03115
g6527.t1,K26608
g6528.t1,K08516
g6529.t1,K20301
g6531.t1,K01847
g6532.t1,K10579
g6532.t2,K10579
g6534.t1,K01077
g6554.t1,K07440
g6558.t1,K10685
g6616.t1,K23922
g6617.t1,K11380
g6617.t2,K11380
g6618.t1,K05760
g6619.t1,K10773
g6623.t1,K03354
g6623.t2,K03354
g6624.t1,K00803
g6625.t1,K01363
g6626.t1,K14795
g6629.t1,K09645
g6647.t1,K07556
g6647.t2,K07556
g6648.t1,K28049
g6648.t2,K28049
g6651.t1,K11092
g6652.t1,K25219
g6653.t1,K17702
g6660.t1,K17576
g6741.t1,K16271
g6750.t1,K04362
g6755.t1,K03781
g6760.t1,K03704
g6760.t2,K03704
g6763.t1,K04717
g6764.t1,K15371
g6765.t1,K23292
g6769.t1,K08176
g6769.t2,K08176
g6775.t1,K11162
g6775.t2,K11162
g6776.t1,K05681
g6777.t1,K05681
g6777.t2,K05681
g6779.t1,K17989
g6780.t1,K20520
g6783.t1,K20032
g6821.t1,K15223
g6840.t1,K06981
g6845.t1,K22565
g6862.t1,K20299
g6862.t2,K17508
g6865.t1,K13989
g6868.t1,K07151
g6868.t3,K07151
g6869.t1,K02260
g6870.t1,K13174
g6880.t1,K10418
g6881.t1,K10251
g6882.t1,K16449
g6896.t1,K12353
g6906.t1,K16271
g6911.t1,K16369
g6911.t2,K08795
g6916.t1,K06111
g6916.t2,K06111
g6917.t1,K16365
g6925.t1,K11718
g6925.t2,K11718
g6937.t1,K06825
g6938.t1,K00054
g6939.t1,K15025
g6946.t1,K08176
g6947.t1,K07953
g6955.t1,K19788
g6956.t1,K01724
g6956.t2,K01724
g6956.t3,K01724
g6972.t1,K14016
g6973.t1,K00207
g6973.t2,K00207
g6975.t1,K09489
g6975.t2,K09489
g6976.t2,K11594
g6984.t1,K06072
g6985.t1,K01611
g6986.t1,K11165
g6986.t2,K11165
g6987.t1,K00750
g6990.t1,K00002
g6990.t2,K00002
g6992.t1,K11795
g6992.t2,K11795
g6993.t1,K17543
g7065.t1,K12881
g7069.t1,K00939
g7069.t2,K00939
g7079.t1,K23387
g7081.t1,K18696
g7081.t2,K18696
g7082.t1,K03926
g7086.t1,K05655
g7089.t1,K26099
g7090.t1,K11339
g7092.t1,K02145
g7093.t1,K14325
g7095.t1,K01482
g7131.t1,K15029
g7132.t1,K03254
g7133.t1,K09424
g7133.t2,K09424
g7134.t1,K07359
g7145.t1,K14290
g7146.t1,K00799
g7147.t1,K11291
g7148.t1,K20642
g7148.t2,K20642
g7155.t1,K17354
g7156.t1,K06910
g7157.t1,K09935
g7165.t1,K14521
g7166.t1,K01758
g7167.t1,K04533
g7168.t1,K26731
g7174.t1,K22611
g7175.t1,K06948
g7177.t1,K12882
g7177.t2,K12882
g7182.t1,K03099
g7194.t1,K13128
g7194.t2,K13128
g7195.t1,K13282
g7199.t1,K07975
g7202.t1,K20360
g7202.t2,K20360
g7264.t1,K05016
g7264.t2,K05016
g7281.t1,K07976
g7284.t1,K18617
g7285.t1,K08582
g7333.t1,K05607
g7339.t1,K23919
g7340.t1,K24983
g7344.t1,K00923
g7345.t1,K01790
g7347.t2,K23002
g7348.t1,K02875
g7351.t1,K27605
g7354.t1,K12616
g7357.t1,K14947
g7358.t1,K18723
g7359.t1,K18041
g7362.t1,K14850
g7364.t1,K03063
g7364.t2,K03063
g7364.t3,K03256
g7365.t1,K15162
g7365.t2,K15162
g7366.t1,K10575
g7369.t1,K01530
g7370.t1,K13247
g7371.t1,K13124
g7371.t2,K13124
g7377.t1,K07877
g7388.t1,K21922
g7388.t2,K21922
g7389.t1,K25203
g7391.t1,K14085
g7392.t1,K01259
g7392.t2,K01259
g7393.t1,K08739
g7395.t1,K03531
g7395.t2,K03531
g7396.t1,K15033
g7398.t1,K08341
g7415.t1,K09008
g7416.t1,K12844
g7418.t1,K04515
g7423.t1,K12604
g7424.t1,K03681
g7427.t1,K07874
g7436.t1,K12771
g7437.t1,K15376
g7444.t1,K17266
g7444.t2,K17266
g7445.t1,K17491
g7445.t2,K17491
g7448.t1,K14006
g7449.t1,K14006
g7451.t1,K26401
g7452.t1,K14571
g7453.t1,K10481
g7454.t1,K05970
g7454.t2,K05970
g7455.t1,K22390
g7457.t1,K07756
g7460.t1,K09560
g7461.t1,K11584
g7461.t2,K11584
g7463.t1,K14768
g7465.t1,K00565
g7465.t2,K00565
g7466.t1,K06961
g7467.t1,K04349
g7471.t1,K08764
g7473.t1,K14621
g7474.t1,K17600
g7475.t1,K17262
g7476.t1,K10268
g7476.t2,K10268
g7478.t1,K15171
g7479.t1,K04564
g7479.t2,K04564
g7480.t1,K10639
g7493.t1,K19031
g7494.t1,K00503
g7499.t1,K11517
g7502.t1,K11527
g7522.t1,K04527
g7557.t1,K23792
g7557.t2,K23792
g7560.t1,K14537
g7561.t1,K00658
g7565.t1,K06100
g7566.t1,K02870
g7568.t1,K03061
g7569.t1,K12403
g7570.t1,K22382
g7571.t1,K01522
g7572.t1,K01104
g7572.t2,K01104
g7573.t2,K02932
g7575.t1,K07588
g7577.t1,K27164
g7577.t2,K27164
g7580.t1,K14407
g7582.t1,K17497
g7583.t1,K08894
g7585.t1,K12166
g7585.t2,K12166
g7589.t1,K20068
g7591.t1,K01279
g7591.t2,K01279
g7591.t3,K14823
g7657.t1,K05105
g7660.t1,K06820
g7667.t1,K04352
g7671.t1,K03232
g7673.t1,K22564
g7683.t1,K27803
g7686.t1,K23288
g7686.t2,K23288
g7688.t1,K01115
g7742.t1,K14169
g7742.t2,K14169
g7743.t1,K09571
g7744.t1,K11433
g7744.t2,K11433
g7750.t1,K03032
g7750.t3,K03032
g7753.t1,K25592
g7753.t2,K25592
g7754.t1,K17680
g7754.t2,K17680
g7755.t1,K01251
g7759.t2,K22193
g7761.t1,K04077
g7764.t1,K01376
g7767.t1,K14560
g7769.t1,K03424
g7770.t1,K21456
g7770.t2,K21456
g7771.t1,K23282
g7772.t1,K00922
g7775.t1,K19998
g7782.t1,K03113
g7785.t1,K19199
g7787.t1,K08997
g7793.t2,K00799
g7798.t1,K08193
g7799.t1,K00036
g7800.t1,K00688
g7802.t1,K11519
g7804.t1,K10481
g7819.t1,K11673
g7819.t2,K11673
g7824.t1,K12585
g7826.t1,K05236
g7827.t1,K08866
g7827.t2,K08866
g7828.t1,K00128
g7829.t1,K15176
g7829.t2,K15176
g7830.t1,K01883
g7831.t1,K10843
g7834.t1,K03240
g7834.t2,K03240
g7835.t1,K11672
g7836.t1,K15198
g7836.t2,K15198
g7837.t1,K00020
g7837.t2,K00020
g7840.t1,K19036
g7854.t1,K18086
g7854.t2,K18086
g7855.t1,K23338
g7855.t2,K23338
g7856.t1,K02958
g7856.t2,K02958
g7858.t1,K08825
g7858.t2,K08825
g7862.t2,K01267
g7864.t1,K19704
g7865.t1,K01008
g7866.t1,K08955
g7875.t1,K18667
g7879.t1,K04392
g7881.t2,K07952
g7882.t1,K20288
g7884.t1,K24086
g7885.t1,K13140
g7886.t1,K06639
g7887.t1,K10903
g7891.t1,K03635
g7893.t1,K13105
g7893.t2,K13105
g7895.t2,K15322
g7897.t1,K03847
g7898.t1,K00587
g7900.t1,K07756
g7902.t2,K07911
g7903.t1,K03639
g7907.t1,K14787
g7907.t2,K14787
g7908.t1,K25829
g7910.t1,K16586
g7911.t1,K04427
g7911.t2,K04427
g7913.t1,K21917
g7917.t1,K20632
g7921.t1,K11885
g7926.t1,K24127
g7946.t1,K25217
g7947.t1,K17867
g7961.t1,K10255
g7961.t3,K00507
g7963.t1,K10405
g7969.t1,K00884
g7971.t1,K11154
g7972.t1,K15109
g7973.t2,K08838
g7976.t3,K12859
g7981.t1,K10880
g7983.t1,K19612
g7983.t2,K19612
g7992.t1,K24927
g7992.t2,K24927
g8013.t1,K05888
g8017.t1,K07407
g8162.t1,K08155
g8165.t1,K01824
g8165.t2,K01824
g8167.t1,K07360
g8189.t1,K03514
g8189.t2,K03514
g8193.t1,K02156
g8193.t2,K02156
g8194.t1,K17778
g8207.t1,K00922
g8208.t1,K11205
g8209.t1,K04366
g8221.t1,K04505
g8221.t2,K04505
g8222.t1,K17260
g8223.t1,K03521
g8224.t1,K10866
g8225.t1,K27398
g8226.t1,K05544
g8227.t1,K10867
g8228.t1,K02969
g8230.t1,K16449
g8231.t1,K14567
g8234.t1,K27411
g8236.t1,K06170
g8243.t1,K26496
g8244.t1,K08336
g8244.t2,K08336
g8245.t1,K10599
g8245.t2,K10599
g8246.t1,K14861
g8246.t2,K14861
g8247.t1,K27922
g8248.t1,K09486
g8249.t1,K26404
g8249.t2,K26404
g8251.t1,K14550
g8254.t1,K13431
g8255.t1,K14318
g8264.t1,K00477
g8265.t1,K01519
g8266.t1,K20793
g8267.t1,K10865
g8269.t1,K02183
g8270.t1,K26979
g8271.t1,K19027
g8272.t1,K03671
g8273.t1,K14833
g8285.t1,K06693
g8287.t1,K20776
g8291.t1,K08796
g8293.t1,K02736
g8317.t1,K08656
g8319.t1,K00102
g8320.t2,K02937
g8321.t1,K23564
g8321.t2,K23564
g8338.t1,K07942
g8340.t1,K08869
g8341.t1,K17700
g8342.t1,K01412
g8342.t2,K01412
g8343.t1,K15360
g8343.t2,K15360
g8345.t1,K02922
g8346.t1,K02995
g8347.t1,K00671
g8356.t1,K17778
g8360.t1,K25079
g8363.t1,K03083
g8367.t1,K17778
g8368.t1,K11490
g8369.t1,K21766
g8372.t1,K03660
g8372.t2,K03660
g8393.t1,K01988
g8394.t1,K21916
g8395.t1,K28362
g8397.t1,K28261
g8397.t2,K28261
g8398.t1,K00901
g8399.t1,K05087
g8402.t1,K00281
g8403.t1,K09699
g8403.t2,K09699
g8408.t1,K05765
g8409.t1,K00942
g8410.t1,K04354
g8411.t1,K02540
g8412.t1,K00559
g8415.t1,K12877
g8428.t1,K01049
g8428.t2,K01049
g8432.t1,K12182
g8433.t1,K04419
g8433.t2,K08880
g8434.t1,K03283
g8435.t1,K00382
g8436.t1,K06063
g8441.t1,K04798
g8442.t1,K02734
g8443.t1,K03885
g8443.t2,K03885
g8444.t1,K22069
g8447.t1,K01899
g8449.t1,K09549
g8453.t1,K20291
g8457.t1,K19755
g8457.t2,K19755
g8462.t1,K00777
g8462.t2,K00777
g8463.t1,K00799
g8473.t1,K05658
g8476.t1,K11124
g8478.t1,K08726
g8480.t1,K01937
g8484.t1,K14655
g8486.t1,K02207
g8486.t2,K02207
g8487.t1,K05754
g8491.t1,K01697
g8492.t1,K11494
g8492.t2,K11494
g8493.t1,K02971
g8496.t1,K10356
g8497.t1,K02183
g8498.t1,K17618
g8499.t1,K00626
g8501.t1,K01724
g8502.t1,K01900
g8502.t2,K01900
g8503.t1,K01011
g8504.t1,K02133
g8504.t2,K02133
g8505.t1,K02134
g8506.t1,K02179
g8507.t1,K13499
g8507.t2,K00731
g8510.t1,K22698
g8514.t2,K00939
g8535.t1,K20032
g8537.t1,K10768
g8539.t2,K04454
g8543.t1,K10290
g8543.t2,K10290
g8547.t1,K02985
g8550.t1,K23297
g8550.t2,K23297
g8551.t1,K00384
g8552.t1,K12460
g8552.t2,K12460
g8554.t2,K07975
g8572.t1,K06316
g8575.t1,K06131
g8578.t1,K10634
g8580.t1,K04936
g8582.t1,K07179
g8582.t2,K07179
g8583.t1,K13168
g8597.t1,K07827
g8598.t1,K26410
g8603.t1,K11850
g8603.t2,K11850
g8612.t1,K03695
g8612.t2,K03695
g8626.t1,K08737
g8626.t2,K08737
g8626.t3,K08737
g8628.t1,K08175
g8629.t1,K17689
g8629.t2,K17689
g8632.t1,K01889
g8632.t2,K01889
g8636.t1,K01834
g8637.t1,K19347
g8638.t1,K01889
g8639.t1,K09578
g8640.t1,K02947
g8643.t1,K02355
g8645.t1,K18710
g8646.t1,K15275
g8658.t1,K08894
g8665.t1,K12662
g8667.t1,K14753
g8692.t1,K11816
g8692.t2,K07222
g8710.t1,K01128
g8720.t1,K24083
g8721.t1,K00685
g8722.t1,K25777
g8723.t1,K00801
g8723.t2,K00801
g8726.t1,K20294
g8731.t1,K08059
g8733.t1,K08896
g8733.t2,K08896
g8735.t1,K08337
g8735.t2,K08337
g8736.t1,K01103
g8738.t1,K08493
g8739.t1,K12849
g8741.t1,K20295
g8742.t1,K14573
g8742.t2,K03239
g8743.t1,K23960
g8745.t1,K05294
g8745.t2,K05294
g8747.t1,K08730
g8749.t1,K01802
g8750.t1,K07304
g8751.t2,K11486
g8772.t1,K01852
g8776.t1,K04456
g8777.t1,K09191
g8788.t1,K15687
g8789.t1,K06271
g8789.t2,K06271
g8846.t1,K10080
g8847.t1,K11292
g8848.t1,K14556
g8849.t1,K15631
g8849.t2,K15631
g8852.t1,K01720
g8854.t1,K01710
g8857.t1,K17354
g8858.t1,K10453
g8860.t1,K16196
g8862.t1,K03238
g8863.t1,K01802
g8866.t1,K18201
g8866.t2,K18201
g8870.t1,K18787
g8871.t1,K09518
g8872.t1,K04424
g8873.t1,K11503
g8913.t1,K15450
g8914.t1,K03963
g8918.t1,K19842
g8918.t2,K19842
g8920.t1,K20756
g8920.t2,K20756
g8921.t1,K13341
g8925.t1,K17776
g8927.t1,K09613
g8930.t1,K07836
g8931.t1,K10590
g8947.t1,K10884
g8949.t1,K20656
g8950.t1,K12488
g8950.t2,K12488
g8951.t1,K22755
g8971.t1,K04366
g8973.t1,K24637
g8974.t1,K15266
g8975.t1,K14772
g8975.t2,K14772
g8976.t1,K18423
g8976.t2,K18423
g8977.t1,K02350
g8979.t1,K24350
g8985.t1,K23883
g8986.t1,K19751
g8986.t2,K19751
g8989.t1,K03439
g8989.t2,K03439
g8989.t3,K03439
g8990.t1,K11437
g8992.t1,K02434
g8993.t1,K03661
g9000.t1,K05838
g9002.t1,K23333
g9008.t1,K05955
g9010.t1,K18156
g9011.t1,K26770
g9012.t1,K00294
g9012.t2,K00294
g9015.t1,K12820
g9015.t2,K12820
g9016.t1,K00327
g9018.t1,K17550
g9019.t2,K12451
g9022.t1,K15104
g9023.t1,K14771
g9023.t2,K14771
g9024.t1,K06867
g9025.t1,K14709
g9027.t1,K27320
g9030.t1,K12860
g9031.t1,K17800
g9062.t1,K01431
g9062.t2,K01431
g9063.t1,K16063
g9068.t1,K12245
g9068.t2,K12245
g9069.t1,K06678
g9069.t2,K06678
g9071.t1,K13754
g9072.t1,K06692
g9073.t1,K03841
g9087.t1,K07835
g9087.t2,K07835
g9093.t1,K15255
g9093.t2,K15255
g9096.t1,K10401
g9097.t1,K11795
g9099.t1,K00873
g9102.t1,K24175
g9104.t1,K07188
g9105.t1,K18633
g9106.t1,K18189
g9107.t1,K13117
g9108.t1,K03424
g9109.t1,K14824
g9112.t1,K14724
g9114.t1,K18648
g9114.t2,K18648
g9115.t1,K03099
g9116.t1,K20028
g9116.t2,K20028
g9117.t1,K22747
g9126.t1,K24175
g9127.t1,K10736
g9130.t1,K01803
g9156.t1,K13151
g9192.t1,K12562
g9205.t1,K10610
g9206.t1,K02942
g9206.t2,K02942
g9207.t1,K05699
g9208.t1,K26683
g9209.t1,K03831
g9209.t2,K03831
g9210.t1,K00683
g9210.t2,K00683
g9210.t3,K12488
g9211.t1,K16732
g9211.t2,K16732
g9212.t1,K13761
g9214.t1,K15685
g9221.t1,K25202
g9221.t2,K25202
g9238.t1,K05106
g9244.t1,K12960
g9244.t2,K12960
g9245.t1,K15837
g9265.t3,K22594
g9267.t1,K12316
g9267.t2,K12316
g9271.t1,K04409
g9273.t1,K01950
g9273.t2,K01950
g9274.t1,K11984
g9274.t2,K11984
g9275.t1,K02973
g9276.t1,K23114
g9277.t1,K06174
g9278.t1,K03650
g9278.t2,K03650
g9279.t1,K09648
g9283.t1,K08287
g9284.t1,K15115
g9285.t1,K26267
g9287.t1,K20302
g9288.t1,K06666
g9288.t2,K06666
g9289.t1,K11315
g9289.t2,K11315
g9290.t1,K12199
g9291.t1,K04936
g9291.t2,K04936
g9309.t1,K11667
g9320.t1,K10703
g9321.t1,K12668
g9325.t1,K26052
g9325.t2,K26052
g9326.t1,K02892
g9332.t1,K16815
g9332.t2,K16815
g9355.t1,K14590
g9359.t1,K10870
g9359.t2,K10870
g9362.t1,K13250
g9365.t1,K05287
g9366.t1,K00852
g9369.t1,K01886
g9374.t1,K11501
g9376.t1,K03247
g9377.t1,K10752
g9378.t1,K14561
g9385.t1,K23612
g9388.t1,K01689
g9391.t1,K03281
g9419.t1,K00091
g9422.t1,K25769
g9424.t1,K11446
g9426.t1,K15235
g9429.t1,K03531
g9429.t2,K03531
g9453.t1,K20642
g9453.t2,K20642
g9455.t1,K17839
g9456.t1,K13519
g9499.t1,K23487
g9500.t1,K13696
g9501.t1,K03352
g9506.t1,K22736
g9508.t1,K09660
g9509.t1,K11857
g9509.t2,K11857
g9510.t1,K12822
g9510.t2,K12822
g9518.t1,K05605
g9519.t1,K01191
g9522.t1,K05285
g9524.t1,K11982
g9524.t2,K11982
g9529.t1,K17808
g9529.t2,K17808
g9532.t1,K12870
g9538.t1,K00988
g9538.t2,K00988
g9539.t1,K02989
g9540.t1,K05743
g9541.t1,K24574
g9543.t1,K17544
g9543.t2,K17544
g9544.t1,K16055
g9546.t1,K16055
g9548.t1,K06173
g9548.t2,K06173
g9549.t1,K02355
g9550.t1,K14962
g9551.t1,K02727
g9552.t1,K17562
g9553.t1,K08175
g9555.t1,K05109
g9558.t1,K12397
g9560.t1,K11224
g9561.t1,K00967
g9562.t1,K11826
g9567.t1,K12396
g9567.t2,K12396
g9577.t1,K19525
g9582.t1,K01895
g9584.t1,K22563
g9585.t1,K27976
g9588.t1,K09291
g9588.t2,K09291
g9589.t1,K00938
g9590.t1,K21848
g9590.t2,K21848
g9590.t3,K21848
g9591.t1,K01783
g9593.t1,K08596
g9594.t1,K00966
g9596.t1,K01712
g9598.t1,K20183
g9600.t1,K15429
g9603.t1,K19603
g9604.t1,K11824
g9608.t1,K20372
g9610.t1,K00059
g9611.t1,K03264
g9619.t1,K15627
g9619.t2,K15627
g9620.t1,K11547
g9621.t1,K00626
g9622.t1,K17686
g9623.t1,K13123
g9625.t1,K01866
g9626.t1,K07759
g9626.t2,K07759
g9627.t1,K19179
g9628.t1,K21763
g9628.t2,K21763
g9628.t3,K21763
g9629.t1,K12244
g9630.t1,K08647
g9632.t1,K10580
g9654.t1,K07207
g9655.t1,K10839
g9656.t1,K08057
g9658.t1,K10258
g9659.t1,K02930
g9660.t1,K16536
g9662.t1,K04728
g9663.t1,K00963
g9663.t2,K00963
g9663.t3,K00130
g9665.t1,K01301
g9666.t1,K05657
g9666.t2,K05657
g9666.t3,K10455
g9668.t1,K02330
g9670.t1,K14406
g9671.t1,K08818
g9672.t1,K17433
g9675.t1,K03027
g9685.t1,K20823
g9688.t1,K28212
g9701.t1,K28206
g9705.t1,K15544
g9706.t1,K02901
g9707.t1,K13161
g9707.t2,K13161
g9711.t1,K07943
g9712.t3,K10581
g9713.t1,K03131
g9715.t1,K23625
g9717.t1,K14777
g9717.t2,K14777
g9718.t1,K01027
g9719.t2,K12670
g9721.t1,K13510
g9721.t2,K13510
g9724.t1,K12158
g9725.t1,K19022
g9727.t1,K24420
g9727.t2,K24420
g9727.t3,K24420
g9728.t1,K02978
g9729.t1,K12479
g9730.t1,K08784
g9773.t1,K14319
g9773.t2,K17576
g9776.t1,K23791
g9801.t1,K02214
g9801.t2,K02214
g9803.t1,K08653
g9808.t1,K15407
g9811.t1,K11976
g9815.t1,K11153
g9816.t1,K08735
g9817.t1,K08342
g9818.t1,K10600
g9818.t2,K10600
g9820.t1,K20471
g9823.t1,K14766
g9823.t2,K14766
g9826.t1,K07950
g9828.t1,K18168
g9829.t1,K11366
g9830.t1,K03036
g9830.t2,K03036
g9831.t1,K13251
g9832.t2,K01527
g9834.t1,K10896
g9834.t2,K10896
g9836.t1,K01194
g9838.t1,K03099
g9838.t2,K03099
g9839.t1,K17888
g9840.t1,K20221
g9845.t1,K03456
g9850.t1,K22763
g9853.t1,K00993
g9853.t2,K00993
g9853.t3,K00993
g9854.t1,K12599
g9857.t1,K07442
g9859.t1,K01835
g9860.t1,K03177
g9860.t2,K03177
g9872.t1,K22544
g9876.t1,K02183
g9876.t2,K02183
g9878.t1,K06180
g9879.t1,K25770
g9880.t1,K01934
g9881.t1,K11863
g9881.t2,K11863
g9884.t1,K20223
g9889.t1,K03265
g9890.t1,K20242
g9891.t1,K03511
g9903.t1,K03283
g9904.t1,K00573
g9904.t2,K00573
g10016.t1,K00573
g10016.t2,K00573
g10017.t1,K03283
g10038.t1,K07305
g10038.t2,K07305
g10039.t1,K09598
g10040.t1,K09520
g10041.t1,K03018
g10041.t2,K14713
g10044.t1,K07223
g10047.t1,K10704
g10048.t1,K15128
g10050.t1,K22758
g10055.t1,K15046
g10058.t1,K02427
g10059.t1,K17783
g10059.t2,K17783
g10059.t3,K17783
g10060.t1,K15148
g10061.t1,K03593
g10062.t1,K11275
g10114.t1,K01113
g10116.t3,K01531
g10119.t1,K22761
g10120.t1,K03574
g10122.t1,K13338
g10127.t1,K00294
g10130.t1,K02542
g10132.t1,K14857
g10136.t1,K24736
g10137.t1,K01875
g10137.t3,K01875
g10140.t1,K14411
g10141.t1,K18932
g10143.t1,K10276
g10143.t2,K10276
g10144.t1,K12767
g10147.t5,K06013
g10148.t2,K03355
g10149.t1,K17906
g10150.t1,K12471
g10152.t1,K10745
g10154.t1,K02885
g10155.t1,K01206
g10158.t1,K01438
g10159.t1,K10582
g10160.t1,K18660
g10160.t2,K18660
g10165.t1,K23026
g10170.t1,K00556
g10182.t1,K20396
g10183.t1,K12400
g10183.t2,K12400
g10184.t1,K19932
g10186.t1,K15210
g10189.t3,K11668
g10207.t1,K20689
g10209.t1,K15425
g10222.t1,K20167
g10224.t1,K10744
g10230.t2,K03022
g10231.t1,K20791
g10232.t1,K02906
g10234.t1,K09525
g10235.t1,K09499
g10256.t1,K09487
g10265.t1,K11807
g10266.t1,K20704
g10267.t1,K06944
g10268.t1,K04043
g10268.t3,K04043
g10270.t1,K27751
g10272.t1,K12854
g10275.t1,K12173
g10278.t1,K12586
g10278.t2,K12586
g10279.t1,K23289
g10283.t1,K01858
g10284.t1,K02503
g10284.t2,K02503
g10285.t1,K25139
g10285.t2,K25139
g10288.t1,K07968
g10294.t1,K18624
g10295.t1,K09420
g10298.t1,K23951
g10299.t1,K00761
g10300.t1,K10872
g10302.t1,K13979
g10306.t1,K01354
g10310.t1,K14564
g10311.t1,K20293
g10311.t2,K20293
g10344.t1,K00797
g10345.t1,K00845
g10346.t1,K11798
g10346.t2,K11798
g10347.t1,K23330
g10347.t2,K23330
g10348.t1,K07374
g10349.t1,K14424
g10380.t1,K20526
g10381.t1,K11498
g10381.t2,K11498
g10384.t1,K09592
g10384.t2,K18160
g10395.t1,K17081
g10396.t1,K02974
g10397.t1,K13176
g10422.t1,K08151
g10423.t1,K15701
g10424.t1,K10734
g10425.t1,K09650
g10425.t2,K09650
g10428.t1,K02320
g10431.t1,K14991
g10453.t1,K08894
g10506.t1,K05643
g10507.t1,K12472
g10508.t1,K12815
g10512.t1,K13240
g10513.t1,K08798
g10514.t1,K02183
g10517.t1,K01176
g10517.t2,K01176
g10519.t1,K24752
g10519.t2,K24752
g10520.t1,K05692
g10522.t1,K15306
g10522.t2,K15306
g10525.t1,K14799
g10526.t1,K03260
g10529.t1,K13119
g10529.t2,K13119
g10537.t1,K01974
g10539.t1,K06971
g10547.t1,K23788
g10550.t1,K03320
g10551.t1,K15118
g10551.t2,K15118
g10552.t1,K06675
g10552.t2,K06675
g10553.t1,K21955
g10554.t1,K18055
g10554.t2,K18055
g10558.t1,K26499
g10560.t1,K03006
g10562.t1,K23151
g10563.t1,K03020
g10564.t1,K02865
g10565.t1,K14003
g10567.t1,K23164
g10567.t2,K23164
g10583.t1,K01456
g10583.t2,K01456
g10584.t1,K04417
g10586.t1,K05115
g10587.t1,K13116
g10588.t1,K10389
g10593.t1,K11724
g10594.t1,K01581
g10682.t1,K17550
g10685.t1,K22184
g10686.t1,K02201
g10687.t1,K01265
g10689.t1,K08900
g10690.t1,K02940
g10691.t1,K08852
g10696.t1,K01893
g10697.t1,K02154
g10698.t1,K10419
g10715.t1,K10277
g10719.t1,K17290
g10721.t1,K00106
g10721.t2,K00106
g10721.t3,K00106
g10722.t1,K03237
g10722.t2,K03237
g10761.t1,K25709
g10766.t1,K00943
g10768.t2,K12948
g10769.t1,K03426
g10771.t1,K00873
g10787.t1,K21953
g10793.t1,K01227
g10794.t1,K11427
g10795.t1,K10260
g10796.t1,K18587
g10798.t1,K23518
g10798.t2,K23518
g10799.t1,K06271
g10802.t1,K04630
g10855.t1,K12613
g10856.t1,K09188
g10857.t1,K17866
g10858.t1,K14686
g10859.t1,K12272
g10861.t1,K15255
g10862.t1,K11858
g10863.t1,K14788
g10864.t1,K05853
g10865.t1,K04615
g10867.t1,K24420
g10867.t2,K24420
g10868.t1,K20402
g10868.t2,K20402
g10879.t1,K19658
g10880.t1,K18416
g10881.t1,K06709
g10881.t2,K06709
g10883.t1,K14410
g10888.t1,K01245
g10888.t2,K01245
g10889.t1,K07208
g10909.t1,K11996
g10910.t1,K00134
g10912.t1,K00008
g10913.t1,K02830
g10913.t2,K02830
g10915.t1,K19951
g10918.t1,K19787
g10928.t1,K00889
g10933.t1,K14721
g10934.t1,K14050
g10935.t1,K13179
g10937.t1,K19026
g10937.t2,K11832
g10937.t3,K19026
g10937.t4,K19026
g10938.t2,K18643
g10940.t1,K20178
g10942.t1,K00970
g10943.t1,K12191
g10943.t2,K12191
g10945.t1,K05019
g10946.t1,K13107
g10948.t1,K11855
g10949.t1,K04567
g10950.t2,K03869
g10953.t1,K00868
g10956.t1,K13106
g10973.t1,K14950
g10974.t1,K23710
g10981.t1,K10589
g10982.t1,K10365
g10984.t1,K06628
g10985.t1,K26089
g10986.t1,K02209
g10988.t1,K18159
g10991.t1,K20405
g10991.t2,K20405
g10995.t1,K15445
g11005.t1,K18419
g11023.t1,K14137
g11023.t2,K14137
g11028.t1,K05106
g11030.t1,K01177
g11032.t1,K06062
g11043.t1,K18674
g11045.t1,K27706
g11049.t1,K22197
g11049.t2,K13196
g11049.t3,K13196
g11062.t1,K18584
g11083.t2,K07374
g11084.t1,K23499
g11084.t2,K23499
g11084.t3,K23499
g11086.t1,K11253
g11087.t1,K11254
g11088.t1,K24635
g11090.t1,K14282
g11092.t1,K13111
g11100.t1,K12412
g11101.t1,K02732
g11102.t1,K06268
g11104.t1,K14617
g11105.t1,K13280
g11106.t1,K03035
g11107.t1,K10878
g11109.t1,K00819
g11111.t1,K03126
g11112.t1,K23921
g11114.t1,K06685
g11123.t1,K23424
g11125.t1,K13102
g11125.t3,K13102
g11126.t1,K12878
g11208.t1,K11848
g11209.t1,K13288
g11209.t2,K13288
g11213.t1,K23570
g11214.t1,K02898
g11216.t3,K13993
g11217.t1,K08150
g11220.t1,K01745
g11221.t1,K03292
g11222.t1,K04409
g11222.t2,K04409
g11225.t1,K15507
g11229.t1,K12737
g11232.t1,K01468
g11235.t1,K13293
g11237.t1,K04459
g11237.t2,K04459
g11239.t1,K11855
g11255.t1,K24776
g11258.t1,K20135
g11273.t1,K23490
g11276.t1,K12178
g11277.t1,K04527
g11285.t1,K08900
g11287.t1,K15190
g11288.t1,K28102
g11289.t1,K03353
g11289.t2,K03353
g11291.t1,K19367
g11304.t1,K07200
g11342.t1,K17534
g11352.t1,K07912
g11353.t1,K01256
g11354.t1,K01255
g11355.t1,K24158
g11359.t1,K20098
g11359.t2,K20098
g11361.t1,K19951
g11361.t2,K19951
g11364.t1,K14840
g11364.t2,K14840
g11365.t1,K04078
g11366.t1,K13141
g11367.t1,K04354
g11374.t1,K13303
g11374.t2,K13303
g11376.t1,K08798
g11394.t1,K03260
g11394.t2,K03260
g11398.t1,K08596
g11399.t1,K20642
g11399.t2,K20642
g11404.t1,K15120
g11405.t1,K22074
g11406.t1,K24758
g11406.t2,K24758
g11406.t3,K22987
g11408.t1,K15084
g11408.t3,K15084
g11411.t1,K06047
g11412.t1,K00573
g11412.t2,K00573
g11419.t1,K11492
g11421.t1,K25817
g11422.t1,K01966
g11446.t1,K07739
g11448.t1,K10716
g11450.t1,K07905
g11450.t2,K07904
g11451.t1,K14439
g11452.t1,K12818
g11452.t2,K12818
g11454.t1,K23424
g11455.t1,K10085
g11455.t2,K10085
g11456.t1,K26216
g11458.t1,K12182
g11459.t1,K19269
g11470.t1,K08745
g11471.t1,K14554
g11473.t1,K20285
g11474.t1,K21310
g11475.t1,K19027
g11477.t1,K00939
g11479.t1,K02987
g11480.t1,K04409
g11480.t2,K04409
g11483.t1,K10576
g11485.t1,K26501
g11486.t1,K22072
g11486.t2,K22072
g11487.t1,K12733
g11489.t1,K08343
g11500.t1,K05760
g11501.t1,K13113
g11502.t1,K15188
g11502.t2,K15188
g11503.t1,K24550
g11504.t1,K10843
g11504.t2,K10843
g11507.t1,K15340
g11508.t2,K14403
g11510.t1,K02541
g11512.t1,K17543
g11515.t1,K10364
g11516.t1,K08504
g11517.t1,K18080
g11518.t1,K03231
g11518.t2,K03231
g11521.t1,K07575
g11522.t1,K12504
g11524.t1,K08009
g11525.t1,K18468
g11549.t1,K15710
g11551.t1,K11886
g11556.t1,K01462
g11557.t1,K04411
g11557.t2,K04411
g11558.t1,K13109
g11559.t2,K12813
g11560.t1,K07955
g11560.t2,K07955
g11561.t1,K23966
g11562.t1,K11587
g11564.t1,K17427
g11566.t1,K06943
g11568.t1,K03236
g11569.t1,K05542
g11570.t1,K10683
g11570.t2,K06867
g11572.t1,K00949
g11575.t1,K02926
g11588.t1,K13506
g11589.t1,K20367
g11590.t1,K17605
g11590.t2,K17605
g11593.t1,K27906
g11594.t1,K18681
g11595.t1,K01953
g11596.t1,K25210
g11596.t2,K25210
g11597.t1,K27694
g11600.t1,K11864
g11601.t1,K12200
g11601.t2,K12200
g11603.t1,K08683
g11607.t1,K03648
g11608.t2,K03099
g11625.t1,K01113
g11626.t1,K21248
g11626.t2,K21248
g11629.t1,K18740
g11630.t1,K14842
g11632.t2,K07827
g11633.t1,K11348
g11634.t1,K01158
g11636.t1,K14842
g11641.t1,K08518
g11642.t1,K11661
g11644.t1,K10536
g11650.t1,K01512
g11651.t1,K11968
g11653.t1,K09539
g11653.t2,K09539
g11654.t1,K17887
g11655.t1,K00234
g11656.t1,K26500
g11656.t2,K26500
g11659.t1,K24342
g11674.t1,K19511
g11676.t1,K01613
g11677.t1,K04460
g11678.t1,K22144
g11679.t1,K15258
g11680.t1,K03262
g11686.t1,K11340
g11688.t1,K20858
g11709.t2,K20827
g11712.t1,K09550
g11714.t1,K12884
g11715.t1,K03506
g11716.t1,K05728
g11716.t2,K05728
g11752.t1,K22856
g11756.t1,K03946
g11762.t1,K05609
g11767.t1,K01900
g11775.t1,K11273
g11775.t2,K11273
g11775.t3,K11273
g11791.t1,K00520
g11792.t1,K00148
g11792.t2,K00148
g11794.t1,K16600
g11798.t1,K16573
g11799.t1,K12661
g11800.t1,K15692
g11801.t1,K17336
g11808.t1,K02330
g11809.t1,K24730
g11819.t2,K09458
g11819.t3,K16449
g11820.t1,K03152
g11820.t2,K03152
g11822.t1,K14443
g11823.t1,K15688
g11825.t1,K00344
g11842.t1,K13156
g11844.t1,K11131
g11845.t1,K11843
g11862.t1,K17261
g11863.t1,K17732
g11873.t1,K22594
g11876.t1,K14575
g11878.t1,K02893
g11881.t1,K05104
g11885.t1,K00856
g11887.t1,K17907
g11890.t1,K14558
g11891.t1,K07877
g11893.t1,K18464
g11895.t1,K00757
g11896.t1,K05290
g11897.t2,K11827
g11900.t1,K01623
g11903.t1,K05857
g11913.t1,K05850
g11986.t1,K03165
g11987.t1,K17506
g11989.t1,K01231
g11991.t1,K12621
g11994.t2,K19716
g11994.t3,K19716
g11995.t1,K09377
g11999.t1,K00286
g12001.t1,K09571
g12008.t1,K00591
g12009.t1,K10205
g12016.t1,K14802
g12045.t1,K14802
g12047.t1,K23028
g12048.t1,K08517
g12049.t1,K18729
g12077.t1,K05011
g12078.t1,K26160
g12081.t1,K11754
g12086.t1,K05110
g12104.t1,K22756
g12104.t2,K22756
g12105.t1,K15281
g12105.t2,K15281
g12106.t1,K05767
g12107.t2,K12603
g12107.t3,K12603
g12108.t1,K17782
g12109.t1,K02889
g12109.t2,K02889
g12112.t1,K20289
g12114.t1,K15262
g12116.t1,K01164
g12116.t2,K01164
g12118.t1,K14308
g12119.t1,K23609
g12120.t1,K20286
g12122.t1,K00864
g12123.t1,K06689
g12124.t1,K01495
g12126.t1,K00791
g12133.t1,K06678
g12133.t2,K06678
g12136.t1,K12589
g12140.t1,K14843
g12144.t1,K11087
g12145.t1,K12391
g12146.t1,K06676
g12158.t1,K00901
g12167.t1,K07566
g12168.t1,K00058
g12169.t1,K27103
g12169.t2,K27103
g12170.t1,K14545
g12172.t1,K10871
g12174.t1,K01061
g12176.t1,K00759
g12180.t1,K01764
g12185.t1,K12734
g12187.t1,K20179
g12189.t1,K03846
g12189.t2,K03846
g12190.t1,K00326
g12190.t2,K00326
g12191.t1,K20794
g12194.t1,K13717
g12200.t1,K14552
g12203.t1,K11363
g12204.t1,K11866
g12207.t1,K17700
g12261.t1,K15271
g12261.t2,K15271
g12263.t1,K26421
g12264.t1,K10858
g12283.t1,K01489
g12286.t1,K02147
g12286.t2,K02147
g12287.t1,K12394
g12288.t1,K14405
g12290.t1,K02966
g12290.t2,K02966
g12354.t1,K17890
g12355.t1,K03434
g12359.t1,K26161
g12361.t1,K23390
g12363.t1,K10753
g12363.t2,K10753
g12364.t1,K11129
g12373.t1,K05109
g12375.t1,K03126
g12376.t1,K23921
g12389.t1,K22721
g12389.t2,K22721
g12404.t1,K01915
g12406.t1,K19625
g12410.t1,K13347
g12456.t1,K01870
g12458.t1,K19572
g12462.t1,K11374
g12463.t1,K01897
g12466.t1,K10769
g12468.t1,K01408
g12472.t1,K17505
g12474.t1,K01796
g12475.t1,K08074
g12476.t1,K01180
g12490.t1,K25818
g12491.t1,K00555
g12491.t2,K00555
g12491.t3,K00555
g12492.t1,K12440
g12493.t1,K03979
g12495.t1,K14440
g12498.t1,K10402
g12498.t2,K10402
g12498.t3,K10402
g12499.t1,K03002
g12499.t2,K03002
g12499.t3,K03002
g12500.t1,K18655
g12501.t1,K12620
g12506.t1,K14960
g12508.t1,K20181
g12512.t1,K02606
g12529.t1,K22530
g12529.t2,K22530
g12529.t3,K22530
g12624.t1,K06158
g12625.t1,K23332
g12629.t2,K02503
g12668.t1,K13718
g12711.t1,K05103
g12712.t1,K15264
g12721.t1,K15865
g12722.t1,K10648
g12723.t2,K05105
g12723.t3,K05105
g12725.t1,K15264
g12726.t1,K05110
g12736.t1,K03134
g12737.t1,K06201
g12738.t1,K23727
g12740.t1,K02867
g12747.t1,K10523
g12751.t1,K10685
g12753.t1,K03066
g12753.t2,K03066
g12755.t1,K26498
g12761.t1,K24940
g12762.t1,K08991
g12770.t1,K13963
g12770.t2,K13963
g12796.t1,K01490
g12801.t1,K00232
g12802.t1,K13703
g12803.t1,K03039
g12807.t1,K00235
g12807.t2,K00235
g12809.t1,K09659
g12810.t1,K00760
g12812.t1,K07836
g12814.t2,K22420
g12820.t2,K01379
g12821.t1,K03099
g12823.t1,K06963
g12823.t2,K06963
g12824.t1,K07407
g12825.t1,K03778
g12826.t1,K05110
g12826.t2,K05110
g12839.t1,K28023
g12840.t1,K04681
g12840.t2,K04681
g12842.t1,K25186
g12844.t1,K09140
g12848.t1,K14557
g12849.t1,K01581
g12853.t1,K08675
g12855.t1,K25808
g12856.t1,K10950
g12857.t1,K15463
g12858.t1,K27905
g12860.t1,K13108
g12861.t1,K00774
g12877.t1,K16066
g12880.t1,K12778
g12882.t1,K00605
g12883.t2,K11377
g12885.t1,K08497
g12888.t1,K24997
g12890.t1,K00326
g12892.t1,K00922
g12894.t1,K20359
g12894.t2,K20359
g12895.t1,K27833
g12897.t1,K02433
g12897.t2,K02433
g12898.t1,K08497
g12899.t1,K07555
g12899.t2,K07555
g12899.t3,K07555
g12901.t1,K01647
g12902.t1,K01110
g12906.t1,K03135
g12911.t1,K13348
g12912.t1,K16815
g12913.t1,K20290
g12914.t1,K20102
g12914.t2,K20102
g12915.t1,K15501
g12921.t1,K11271
g12938.t1,K12597
g12941.t1,K13201
g12941.t2,K13201
g12946.t1,K07204
g12947.t1,K15728
g12948.t1,K07178
g12948.t2,K07178
g12948.t3,K07178
g12950.t1,K20526
g12950.t2,K20526
g12969.t1,K00657
g12970.t1,K21919
g12971.t1,K05728
g12980.t1,K13708
g12981.t1,K23490
g12983.t1,K06972
g12983.t2,K06972
g12987.t1,K05605
g12987.t2,K05605
g12989.t1,K28098
g12990.t1,K02981
g12991.t1,K01874
g12994.t1,K15074
g13002.t1,K12491
g13002.t2,K12491
g13020.t1,K00668
g13020.t2,K00668
g13063.t1,K27310
g13064.t1,K10776
g13065.t1,K13719
g13075.t1,K01597
g13076.t1,K14284
g13077.t1,K07756
g13078.t1,K13146
g13079.t1,K01057
g13100.t1,K11841
g13103.t1,K18204
g13104.t1,K07893
g13105.t1,K01969
g13111.t1,K18953
g13113.t1,K24069
g13116.t1,K13101
g13116.t2,K13101
g13119.t1,K15734
g13120.t1,K20161
g13126.t1,K05758
g13129.t1,K00771
g13134.t1,K03539
g13136.t1,K01586
g13138.t1,K18342
g13139.t1,K17637
g13139.t2,K17637
g13187.t1,K03012
g13191.t1,K11412
g13195.t1,K02879
g13200.t1,K03163
g13207.t1,K21027
g13207.t2,K21027
g13210.t1,K03349
g13221.t1,K03128
g13221.t2,K03128
g13223.t4,K24273
g13224.t1,K10737
g13224.t2,K10737
g13225.t1,K02210
g13225.t2,K02210
g13227.t1,K06965
g13229.t1,K00627
g13229.t2,K00627
g13230.t1,K09490
g13230.t2,K09490
g13231.t1,K19750
g13232.t1,K17868
g13233.t1,K04392
g13234.t1,K10426
g13247.t1,K03283
g13253.t1,K10669
g13254.t1,K14289
g13267.t1,K11411
g13273.t1,K01052
g13274.t1,K22127
g13274.t2,K22127
g13278.t1,K03250
g13281.t1,K05592
g13281.t2,K03257
g13282.t1,K01279
g13285.t1,K10646
g13293.t1,K24935
g13307.t1,K07426
g13310.t1,K08894
g13312.t1,K06642
g13312.t2,K06642
g13341.t2,K26244
g13341.t3,K26244
g13342.t2,K08269
g13342.t3,K08269
g13343.t1,K23565
g13344.t1,K05917
g13361.t1,K11422
g13422.t1,K05857
g13426.t1,K00940
g13430.t1,K02324
g13440.t1,K07785
g13448.t1,K28026
g13449.t1,K14286
g13449.t2,K14286
g13450.t1,K15102
g13450.t2,K15102
g13452.t1,K28063
g13453.t1,K19531
g13453.t2,K19531
g13453.t3,K19531
g13455.t1,K19903
g13455.t2,K19903
g13456.t1,K03357
g13456.t2,K03357
g13457.t1,K07305
g13458.t1,K03648
g13459.t1,K14764
g13459.t2,K14764
g13461.t2,K01593
g13464.t1,K21797
g13464.t2,K21797
g13476.t1,K12194
g13477.t1,K00679
g13480.t1,K01892
g13501.t1,K10260
g13503.t1,K17918
g13506.t1,K13126
g13507.t1,K03978
g13509.t1,K02183
g13509.t2,K02183
g13509.t3,K02183
g13512.t1,K00700
g13517.t1,K10563
g13517.t2,K10563
g13546.t1,K24635
g13547.t1,K12804
g13548.t1,K05677
g13548.t2,K05677
g13549.t1,K00049
g13550.t1,K09214
g13570.t1,K17759
g13572.t1,K25815
g13572.t2,K25815
g13573.t1,K15151
g13575.t1,K00411
g13582.t1,K20285
g13591.t1,K00142
g13591.t2,K00142
g13593.t1,K00567
g13594.t1,K07752
g13595.t1,K06096
g13597.t2,K03648
g13598.t1,K06125
g13599.t1,K20409
g13605.t1,K16578
g13606.t1,K14794
g13614.t1,K03252
g13614.t2,K03252
g13617.t1,K03626
g13619.t1,K14165
g13619.t2,K14165
g13659.t2,K17576
g13665.t1,K11290
g13671.t1,K24891
g13671.t2,K24891
g13674.t1,K06173
g13675.t1,K06694
g13676.t1,K18163
g13680.t1,K25877
g13680.t2,K25877
g13682.t1,K00323
g13683.t1,K00031
g13694.t1,K13698
g13698.t1,K04348
g13702.t1,K00889
g13703.t1,K12394
g13707.t1,K04512
g13712.t1,K03514
g13714.t1,K02152
g13715.t1,K04559
g13723.t1,K04512
g13725.t1,K05704
g13725.t2,K05704
g13726.t1,K01201
g13727.t1,K08286
g13740.t1,K24523
g13743.t1,K01179
g13746.t1,K00432
g13749.t1,K14807
g13752.t1,K18588
g13756.t1,K17506
g13756.t2,K14803
g13757.t1,K16344
g13769.t1,K03347
g13771.t1,K20476
g13781.t1,K01895
g13785.t1,K00974
g13785.t2,K00974
g13787.t1,K03033
g13788.t1,K12830
g13789.t2,K12614
g13790.t1,K11644
g13790.t2,K23213
g13792.t1,K15451
g13793.t1,K03515
g13793.t2,K03515
g13795.t1,K16185
g13798.t1,K00814
g13799.t1,K12198
g13800.t1,K20773
g13800.t2,K20773
g13804.t1,K24770
g13804.t2,K24770
g13804.t3,K24732
g13805.t1,K06665
g13807.t1,K14964
g13807.t2,K14964
g13808.t1,K24413
g13809.t1,K18081
g13810.t1,K01874
g13810.t2,K01874
g13811.t1,K00573
g13812.t1,K14530
g13813.t1,K12817
g13816.t1,K04508
g13853.t1,K17361
g13856.t2,K18164
g13858.t1,K07252
g13859.t1,K06066
g13862.t1,K17361
g13863.t1,K18462
g13866.t1,K05925
g13872.t1,K07407
g13883.t1,K23922
g13887.t1,K26403
g13888.t1,K07238
g13889.t1,K21752
g13890.t1,K18622
g13895.t1,K17686
g13895.t2,K17686
g13897.t1,K18080
g13898.t1,K17972
g13899.t1,K06641
g13899.t2,K06641
g13900.t1,K09048
g13904.t1,K26199
g13905.t1,K06240
g13905.t2,K06240
g13905.t3,K06240
g13906.t1,K06240
g13913.t1,K12890
g13913.t2,K12890
g13918.t1,K18703
g13919.t1,K03259
g13924.t1,K08968
g13926.t1,K08874
g13931.t1,K10356
g13932.t1,K15538
g13936.t1,K12373
g13938.t1,K11835
g13940.t1,K23343
g13941.t1,K04797
g13944.t1,K00688
g13945.t1,K00734
g13945.t2,K00734
g13946.t1,K22562
g13953.t1,K14157
g13972.t1,K12304
g13973.t1,K05765
g13974.t1,K15135
g13975.t1,K02949
g13976.t1,K02144
g13977.t1,K00861
g13977.t2,K00861
g13979.t1,K01598
g13985.t1,K01115
g13985.t2,K01115
g13985.t3,K01115
g13985.t4,K01115
g13996.t1,K01494
g13997.t1,K23781
g13998.t1,K08568
g13999.t1,K01079
g14002.t1,K13172
g14003.t1,K05765
g14004.t1,K10873
g14005.t1,K08239
g14006.t1,K14007
g14007.t1,K05293
g14008.t1,K13336
g14009.t1,K14831
g14010.t1,K12580
g14011.t1,K05765
g14034.t1,K25768
g14035.t1,K20606
g14035.t2,K20606
g14035.t3,K20606
g14035.t4,K20606
g14036.t1,K01206
g14037.t1,K02993
g14055.t1,K18753
g14056.t1,K03654
g14058.t1,K07880
g14059.t1,K24971
g14060.t1,K26502
g14061.t1,K23563
g14066.t1,K08498
g14067.t1,K00166
g14069.t1,K03869
g14074.t1,K24664
g14078.t1,K27894
g14079.t1,K26401
g14079.t2,K26401
g14097.t1,K11173
g14106.t1,K06958
g14108.t1,K21195
g14109.t1,K01681
g14111.t1,K01907
g14111.t2,K01907
g14111.t3,K01907
g14112.t1,K15434
g14113.t1,K01474
g14114.t1,K01469
g14115.t1,K02267
g14116.t1,K17987
g14117.t1,K05867
g14118.t1,K04564
g14120.t1,K11127
g14122.t1,K20899
g14122.t2,K20899
g14139.t1,K01539
g14139.t2,K01539
g14139.t3,K01539
g14141.t1,K01641
g14145.t1,K20188
g14146.t1,K18993
g14147.t1,K17362
g14157.t1,K09866
g14158.t1,K16280
g14165.t1,K22390
g14166.t1,K01621
g14167.t1,K23845
g14176.t1,K16575
g14176.t2,K16575
g14181.t1,K04417
g14238.t1,K04712
g14239.t2,K00573
g14240.t1,K20493
g14240.t2,K20493
g14262.t1,K12382
g14263.t1,K12826
g14264.t1,K12876
g14305.t2,K00902
g14307.t1,K24687
g14308.t2,K25102
g14309.t1,K02838
g14309.t2,K02838
g14312.t1,K02998
g14318.t1,K12598
g14319.t1,K02731
g14320.t1,K03038
g14321.t1,K18749
g14323.t1,K03679
g14342.t1,K08740
g14342.t2,K08740
g14342.t3,K08740
g14343.t1,K11338
g14345.t1,K01404
g14346.t1,K05126
g14353.t1,K08894
g14354.t1,K01870
g14369.t3,K14819
g14378.t1,K10606
g14379.t1,K06126
g14380.t1,K05954
g14381.t1,K02208
g14382.t1,K10657
g14383.t1,K11097
g14392.t1,K04362
g14393.t1,K00010
g14394.t1,K11436
g14395.t1,K22068
g14399.t1,K14396
g14400.t1,K17046
g14400.t2,K17046
g14418.t1,K10578
g14420.t2,K17266
g14421.t1,K11324
g14421.t2,K11324
g14422.t1,K04392
g14423.t1,K11359
g14423.t2,K11359
g14423.t4,K11359
g14424.t1,K11096
g14425.t1,K19054
g14425.t2,K19054
g14426.t1,K22940
g14426.t2,K22940
g14428.t1,K12812
g14429.t1,K11368
g14430.t1,K00565
g14432.t1,K14285
g14432.t2,K14285
g14433.t1,K10636
g14434.t1,K14548
g14436.t1,K15263
g14437.t1,K14546
g14439.t1,K20069
g14440.t1,K10756
g14442.t1,K03094
g14443.t1,K03011
g14443.t2,K03011
g14444.t1,K14555
g14444.t2,K14555
g14538.t1,K20477
g14541.t1,K01887
g14541.t2,K01887
g14562.t1,K12132
g14565.t1,K20477
g14621.t1,K17086
g14662.t1,K01487
g14665.t1,K15283
g14671.t1,K23802
g14672.t1,K10733
g14672.t2,K10733
g14681.t1,K17686
g14683.t1,K19985
g14683.t2,K19985
g14684.t1,K08245
g14686.t1,K02728
g14711.t1,K06997
g14712.t1,K10689
g14716.t1,K00791
g14718.t1,K08342
g14719.t1,K07364
g14721.t1,K10134
g14722.t1,K07199
g14724.t1,K11857
g14725.t1,K13354
g14734.t1,K14536
g14736.t1,K02956
g14737.t1,K05760
g14739.t1,K03680
g14770.t1,K17686
g14807.t1,K19023
g14810.t1,K10356
g14812.t1,K00161
g14815.t1,K06947
g14816.t1,K11662
g14816.t2,K11662
g14817.t1,K20121
g14818.t1,K12871
g14819.t1,K03234
g14821.t1,K15902
g14822.t1,K04392
g14823.t1,K02984
g14824.t1,K03522
g14825.t1,K16219
g14825.t2,K16219
g14827.t1,K07203
g14827.t2,K08496
g14828.t1,K07561
g14828.t2,K07561
g14831.t1,K01890
g14833.t1,K03950
g14834.t1,K12174
g14879.t1,K14171
g14881.t1,K12180
g14882.t1,K04708
g14895.t1,K12389
g14897.t1,K01183
g14898.t1,K17632
g14900.t1,K07297
g14901.t1,K14962
g14901.t2,K14962
g14902.t1,K02900
g14904.t1,K22071
g14905.t1,K02365
g14905.t2,K02365
g14907.t1,K10403
g14907.t2,K10403
g14908.t1,K20190
g14920.t1,K03127
g14922.t1,K15336
g14926.t1,K00164
g14940.t1,K19199
g14944.t1,K03595
g14947.t1,K17705
g14997.t1,K17362
g15002.t1,K14990
g15003.t1,K01835
g15016.t1,K21552
g15019.t1,K03931
g15020.t1,K06941
g15020.t2,K06941
g15023.t1,K06681
g15025.t1,K11376
g15026.t1,K14816
g15030.t1,K01061
g15031.t1,K21767
g15032.t1,K04427
g15037.t1,K05769
g15037.t2,K05769
g15038.t1,K12176
g15096.t1,K11664
g15097.t1,K05750
g15107.t1,K28105
g15108.t1,K25587
g15115.t1,K10425
g15115.t2,K10425
g15116.t1,K07560
g15117.t1,K20168
g15123.t1,K01285
g15126.t2,K00859
g15128.t1,K12311
g15154.t1,K01921
g15156.t1,K07748
g15157.t1,K09511
g15157.t2,K09511
g15158.t1,K25931
g15161.t1,K13525
g15162.t1,K14767
g15163.t1,K07750
g15164.t1,K14544
g15164.t2,K14544
g15166.t1,K22390
g15167.t1,K18404
g15168.t1,K02684
g15170.t1,K17065
g15171.t1,K03833
g15172.t1,K01892
g15189.t2,K14791
g15190.t1,K14852
g15192.t1,K12311
g15196.t2,K15382
g15197.t1,K03023
g15248.t1,K10746
g15248.t2,K10746
g15248.t3,K08857
g15249.t1,K21430
g15251.t1,K09866
g15253.t1,K01476
g15253.t2,K01476
g15254.t1,K03678
g15256.t1,K22470
g15258.t1,K00645
g15264.t1,K11729
g15265.t1,K23314
g15278.t1,K09420
g15279.t1,K13948
g15280.t2,K15707
g15281.t1,K16578
g15281.t2,K16578
g15281.t3,K16578
g15282.t1,K02920
g15336.t1,K15305
g15338.t1,K16186
g15338.t2,K16186
g15340.t1,K15292
g15341.t1,K00799
g15345.t1,K00486
g15346.t1,K18463
g15349.t1,K18620
g15351.t1,K09645
g15352.t1,K27898
g15371.t1,K23922
g15378.t1,K08857
g15379.t1,K04565
g15379.t2,K04565
g15380.t1,K01524
g15384.t1,K23741
g15386.t1,K23785
g15390.t1,K12872
g15394.t1,K10874
g15395.t1,K08098
g15396.t1,K05855
g15399.t1,K18620
g15403.t1,K00276
g15406.t1,K04565
g15408.t1,K12162
g15452.t1,K13190
g15453.t1,K21891
g15454.t1,K03016
g15455.t1,K13115
g15458.t1,K24812
g15460.t1,K18422
g15462.t1,K13202
g15468.t1,K11270
g15471.t1,K06928
g15471.t2,K06928
g15506.t1,K14688
g15512.t1,K05106
g15514.t1,K04487
g15515.t1,K11680
g15516.t1,K01265
g15518.t1,K10844
g15518.t2,K10844
g15520.t1,K07055
g15520.t2,K07055
g15521.t1,K20642
g15522.t1,K23341
g15534.t2,K02493
g15535.t1,K12843
g15536.t1,K04718
g15551.t1,K22825
g15552.t1,K09288
g15553.t1,K15710
g15553.t2,K15710
g15555.t1,K24962
g15556.t1,K14435
g15559.t2,K01802
g15560.t1,K12412
g15574.t1,K12492
g15575.t1,K02331
g15576.t1,K12606
g15577.t1,K10481
g15578.t1,K11799
g15579.t1,K10743
g15586.t1,K15201
g15587.t1,K10396
g15588.t1,K01053
g15589.t1,K15219
g15589.t2,K15219
g15601.t1,K04348
g15606.t1,K14317
g15606.t2,K14317
g15640.t1,K20804
g15641.t1,K24399
g15642.t1,K01880
g15644.t2,K11511
g15645.t1,K06240
g15648.t1,K02180
g15649.t1,K15208
g15652.t1,K05855
g15663.t1,K00318
g15665.t1,K10356
g15666.t1,K03021
g15667.t1,K14859
g15669.t1,K03333
g15670.t1,K00784
g15671.t1,K15326
g15672.t1,K00854
g15672.t2,K00854
g15676.t1,K00953
g15677.t1,K13181
g15677.t2,K13181
g15682.t1,K10436
g15682.t2,K10436
g15683.t1,K26405
g15699.t1,K03800
g15700.t1,K08864
g15702.t1,K13177
g15705.t2,K12663
g15730.t1,K07910
g15731.t1,K10424
g15732.t1,K01555
g15737.t1,K00889
g15742.t1,K17744
g15743.t1,K13339
g15748.t1,K13754
g15750.t1,K10735
g15750.t2,K10735
g15800.t1,K12663
g15837.t1,K01204
g15837.t2,K01204
g15839.t1,K02975
g15840.t1,K16750
g15842.t1,K20160
g15877.t1,K15623
g15878.t1,K09355
g15879.t1,K03217
g15880.t1,K19511
g15882.t1,K20403
g15883.t1,K20403
g15884.t1,K01054
g15886.t1,K00288
g15905.t1,K14552
g15909.t1,K11363
g15910.t1,K11866
g15978.t1,K05087
g15978.t2,K05855
g16003.t1,K14007
g16004.t1,K10733
g16012.t1,K13813
g16013.t1,K02935
g16026.t1,K09522
g16029.t1,K10949
g16030.t1,K17560
g16032.t1,K16449
g16033.t1,K14549
g16051.t1,K12197
g16061.t1,K15456
g16061.t3,K15456
g16064.t1,K10765
g16064.t2,K10765
g16066.t1,K01322
g16067.t1,K10141
g16069.t1,K16671
g16069.t3,K16671
g16156.t1,K22989
g16165.t1,K00823
g16166.t1,K00111
g16166.t2,K00111
g16167.t1,K28021
g16168.t1,K14846
g16169.t1,K03030
g16170.t1,K02905
g16172.t1,K20308
g16175.t1,K08506
g16176.t1,K05678
g16176.t2,K05678
g16178.t1,K13130
g16179.t1,K14309
g16180.t1,K17917
g16182.t1,K14327
g16182.t2,K14327
g16182.t3,K14327
g16183.t1,K11665
g16183.t2,K11665
g16184.t1,K07897
g16184.t2,K22823
g16184.t3,K07897
g16185.t1,K13248
g16186.t1,K18170
g16187.t2,K06269
g16187.t3,K09669
g16187.t4,K06269
g16188.t1,K08770
g16188.t2,K02977
g16190.t1,K15281
g16228.t1,K24029
g16230.t1,K11434
g16234.t1,K05762
g16234.t2,K05762
g16235.t1,K08776
g16235.t2,K08776
g16235.t3,K08776
g16244.t1,K04411
g16244.t2,K04411
g16245.t1,K21751
g16246.t1,K06685
g16250.t1,K23332
g16253.t1,K12382
g16254.t1,K12825
g16255.t1,K02912
g16256.t1,K11600
g16261.t1,K20368
g16262.t1,K04459
g16264.t1,K01255
g16269.t1,K16302
g16271.t1,K01784
g16274.t1,K02603
g16276.t1,K20174
g16279.t1,K03671
g16298.t1,K10803
g16298.t2,K10803
g16299.t1,K14568
g16300.t1,K15044
g16301.t1,K11128
g16301.t2,K11128
g16310.t1,K07513
g16330.t1,K04773
g16337.t1,K14509
g16341.t1,K13175
g16344.t1,K07648
g16346.t1,K05105
g16351.t1,K16339
g16351.t2,K16339
g16451.t1,K14319
g16461.t1,K24685
g16462.t1,K25091
g16462.t2,K25091
g16463.t1,K17535
g16465.t1,K24814
g16465.t2,K24814
g16466.t1,K10684
g16466.t2,K10684
g16467.t1,K20292
g16485.t1,K02929
g16486.t1,K19613
g16488.t1,K14574
g16489.t1,K10615
g16490.t1,K27246
g16491.t1,K13171
g16492.t1,K17306
g16492.t2,K17306
g16496.t1,K12819
g16499.t1,K18443
g16501.t1,K07827
g16503.t1,K11293
g16504.t1,K11251
g16506.t1,K24739
g16507.t1,K05728
g16524.t1,K15202
g16526.t1,K08334
g16527.t1,K26403
g16528.t1,K03857
g16528.t2,K03857
g16531.t1,K00472
g16553.t1,K11341
g16555.t1,K01074
g16556.t1,K01479
g16557.t1,K08887
g16560.t1,K01304
g16561.t1,K11538
g16562.t1,K08869
g16565.t1,K11373
g16565.t2,K11373
g16569.t1,K12946
g16569.t2,K12946
g16570.t1,K02953
g16570.t2,K02953
g16574.t1,K00261
g16578.t1,K12846
g16580.t1,K01578
g16580.t2,K01578
g16581.t1,K06677
g16582.t1,K10631
g16583.t1,K06640
g16584.t1,K08741
g16584.t2,K08741
g16585.t1,K00079
g16589.t1,K12618
g16589.t2,K12618
g16589.t3,K12618
g16591.t1,K05543
g16592.t1,K01634
g16594.t1,K08333
g16599.t1,K02908
g16600.t1,K01262
g16601.t1,K01408
g16603.t1,K04079
g16603.t3,K04079
g16604.t1,K03885
g16605.t1,K00600
g16608.t1,K14303
g16608.t2,K01491
g16613.t1,K08333
g16613.t2,K08333
g16615.t1,K01634
g16616.t1,K05543
g16653.t1,K11884
g16654.t1,K08853
g16656.t1,K00729
g16657.t1,K12832
g16659.t1,K13205
g16660.t1,K20726
g16660.t2,K20726
g16662.t1,K20028
g16662.t2,K13192
g16664.t1,K03124
g16666.t1,K00972
g16667.t1,K23460
g16668.t1,K04739
g16669.t1,K07560
g16671.t1,K01434
g16672.t1,K12581
g16672.t2,K12581
g16673.t1,K05545
g16674.t1,K00787
g16675.t1,K09420
g16676.t1,K02335
g16677.t1,K10738
g16678.t1,K10742
g16679.t1,K23797
g16680.t1,K12472
g16683.t1,K08775
g16684.t1,K08054
g16684.t2,K08054
g16685.t1,K24750
g16686.t1,K04727
g16686.t2,K04727
g16687.t1,K00306
g16687.t2,K00306
g16690.t1,K12572
g16691.t1,K02737
g16694.t1,K13211
g16694.t2,K13211
g16695.t1,K02259
g16697.t1,K15287
g16698.t1,K20493
g16698.t2,K20493
g16699.t1,K09608
g16700.t1,K14298
g16701.t1,K01726
g16702.t1,K01939
g16703.t1,K03358
g16704.t1,K03015
g16705.t1,K26109
g16708.t1,K15537
g16714.t2,K20304
g16715.t1,K10396
g16715.t2,K10396
g16717.t1,K11435
g16717.t2,K11435
g16720.t1,K14376
g16720.t2,K14376
g16722.t1,K03031
g16723.t1,K00922
g16723.t2,K00922
g16724.t1,K02437
g16725.t1,K25216
g16727.t1,K05728
g16729.t1,K10846
g16729.t2,K10846
g16730.t1,K09372
g16731.t1,K13145
g16731.t2,K13145
g16731.t3,K13145
g16732.t1,K18726
g16733.t1,K12236
g16736.t1,K03017
g16738.t1,K03687
g16740.t1,K09585
g16743.t2,K03099
g16744.t1,K18081
g16747.t1,K15430
g16750.t1,K01557
g16750.t2,K25591
g16750.t3,K01557
g16751.t1,K22937
g16751.t2,K22937
g16751.t3,K22937
g16751.t4,K00559
g16757.t1,K02997
g16760.t1,K14692
g16763.t1,K18670
g16764.t1,K19196
g16764.t2,K19196
g16764.t3,K19196
g16766.t1,K03062
g16766.t2,K03062
g16766.t3,K23791
g16767.t1,K07936
g16768.t1,K07542
g16769.t1,K20858
g16769.t2,K20858
g16770.t1,K14589
g16776.t1,K24023
g16776.t2,K24023
g16792.t1,K20721
g16792.t2,K20721
g16793.t1,K01921
g16796.t1,K06062
g16797.t1,K28034
g16798.t1,K01515
g16800.t1,K15332
g16800.t2,K15332
g16808.t1,K08876
g16811.t1,K19729
g16811.t2,K19729
g16812.t1,K02726
g16813.t1,K10841
g16816.t3,K15335
g16817.t1,K02988
g16818.t1,K14026
g16818.t2,K14026
g16819.t1,K10601
g16821.t1,K17428
g16827.t1,K20309
g16827.t2,K20309
g16828.t1,K11853
g16829.t1,K12350
g16832.t1,K13217
g16833.t1,K27312
g16834.t1,K00600
g16836.t1,K00599
g16837.t1,K12169
g16840.t1,K02149
g16842.t1,K14313
g16843.t1,K15178
g16843.t2,K15178
g16846.t1,K18328
g16847.t1,K02213
g16848.t1,K02941
g16848.t2,K02941
g16849.t2,K11647
g16860.t1,K04711
g16860.t2,K04711
g16867.t1,K18123
g16867.t2,K18123
g16868.t1,K23334
g16870.t1,K23919
g16878.t1,K27810
g16880.t1,K04382
g16888.t1,K25192
g16889.t1,K18081
g16890.t1,K25731
g16895.t1,K05749
g16908.t1,K19511
g16910.t1,K00025
g16910.t2,K00025
g16911.t1,K01638
g16912.t1,K01637
g16914.t1,K06184
g16915.t1,K17263
g16915.t3,K17263
g16916.t1,K12562
g16917.t1,K05766
g16925.t1,K23332
g16926.t1,K10646
g16929.t1,K11663
g16930.t1,K01373
g16932.t1,K19844
g16933.t1,K20072
g16934.t1,K14572
g16934.t2,K14572
g16934.t3,K14572
g16969.t1,K13513
g16971.t1,K01539
g16971.t2,K01539
g16979.t1,K01805
g16980.t1,K04370
g16983.t1,K15356
g16989.t1,K08568
g16991.t1,K15116
g16992.t1,K00357
g16995.t1,K23325
g17023.t1,K04370
g17024.t1,K01805
g17040.t1,K12875
g17040.t2,K12875
g17041.t1,K01893
g17041.t2,K01893
g17048.t1,K20003
g17048.t2,K20003
g17049.t1,K05283
g17049.t2,K05283
g17051.t1,K05016
g17052.t1,K19801
g17053.t1,K00527
g17053.t2,K00527
g17054.t1,K21853
g17054.t2,K21853
g17056.t1,K21568
g17061.t1,K10105
g17062.t1,K23790
g17066.t1,K03893
g17066.t2,K03893
g17067.t1,K15424
g17070.t1,K05106
g17073.t1,K15444
g17074.t1,K01297
g17077.t1,K00525
g17078.t1,K01045
g17079.t1,K00543
g17080.t1,K07964
g17082.t3,K01070
g17108.t1,K15033
g17121.t1,K01931
g17125.t1,K23886
g17128.t1,K08018
g17131.t1,K11252
g17132.t1,K11835
g17132.t2,K11835
g17133.t1,K11251
g17134.t1,K19525
g17136.t1,K02939
g17139.t1,K00387
g17140.t1,K11254
g17141.t1,K11253
g17142.t1,K01556
g17168.t1,K01410
g17174.t1,K10569
g17175.t1,K12373
g17176.t1,K01724
g17177.t1,K01840
g17178.t1,K14696
g17179.t1,K20406
g17188.t1,K10863
g17189.t1,K22182
g17190.t1,K04075
g17191.t1,K08869
g17191.t2,K08869
g17192.t1,K14292
g17196.t1,K03143
g17197.t1,K14408
g17197.t2,K14408
g17199.t1,K02903
g17201.t1,K25780
g17203.t1,K11885
g17206.t1,K15206
g17208.t1,K01094
g17209.t1,K00025
g17210.t1,K12897
g17221.t1,K03540
g17223.t1,K01530
g17224.t1,K24826
g17226.t1,K20133
g17228.t1,K11801
g17229.t1,K07573
g17229.t2,K07573
g17230.t1,K00477
g17237.t1,K22557
g17238.t1,K04773
g17239.t1,K11495
g17242.t1,K03768
g17243.t1,K07240
g17251.t1,K14792
g17251.t2,K14792
g17252.t1,K11674
g17257.t1,K11419
g17259.t1,K23424
g17262.t1,K13152
g17264.t1,K12189
g17269.t1,K01307
g17270.t1,K11095
g17277.t1,K01679
g17280.t1,K15277
g17284.t1,K14961
g17284.t2,K14961
g17286.t1,K11875
g17288.t1,K03139
g17293.t3,K09534
g17297.t1,K14801
g17316.t1,K12667
g17317.t1,K01228
g17320.t1,K18441
g17321.t1,K09584
g17323.t1,K12833
g17324.t1,K12349
g17325.t1,K10747
g17326.t1,K11878
g17327.t1,K04794
g17328.t1,K14809
g17329.t1,K15535
g17331.t1,K10415
g17333.t1,K12655
g17342.t1,K13148
g17344.t1,K03858
g17347.t1,K26736
g17352.t1,K12655
g17362.t1,K02927
g17364.t1,K15153
g17368.t1,K12821
g17371.t1,K22558
g17381.t1,K20689
g17381.t2,K20689
g17440.t1,K09493
g17443.t1,K03242
g17448.t1,K07511
g17449.t1,K07904
g17462.t1,K02151
g17471.t1,K03165
g17471.t2,K08597
g17472.t1,K03294
g17472.t2,K03294
g17472.t3,K03294
g17475.t1,K17935
g17478.t1,K08515
g17479.t1,K15335
g17479.t2,K15335
g17480.t1,K15115
g17481.t1,K11136
g17481.t2,K11136
g17484.t1,K11842
g17485.t1,K12348
g17487.t1,K24611
g17489.t1,K24683
g17489.t2,K24683
g17490.t1,K10756
g17491.t1,K00851
g17491.t2,K00851
g17493.t1,K02887
g17496.t1,K15168
g17497.t1,K12879
g17497.t2,K12879
g17510.t1,K00255
g17510.t2,K00255
g17511.t1,K27389
g17512.t1,K05695
g17513.t1,K19801
g17514.t1,K19044
g17518.t1,K20191
g17529.t1,K18461
g17530.t2,K14400
g17531.t1,K20792
g17532.t1,K02258
g17532.t2,K02258
g17578.t1,K00029
g17578.t2,K00029
g17580.t1,K15105
g17584.t1,K06672
g17591.t1,K16075
g17591.t2,K16075
g17597.t1,K12850
g17598.t1,K00914
g17599.t1,K26544
g17599.t2,K26544
g17599.t3,K26544
g17602.t1,K12309
g17603.t1,K02519
g17604.t1,K20303
g17605.t1,K04563
g17606.t1,K03111
g17607.t1,K05850
g17608.t1,K13155
g17625.t1,K17382
g17627.t1,K08964
g17628.t1,K05109
g17629.t1,K14855
g17630.t1,K04487
g17632.t1,K01404
g17632.t2,K01404
g17633.t1,K03248
g17634.t1,K09419
g17636.t1,K20032
g17640.t1,K06867
g17641.t1,K15146
g17641.t2,K15146
g17642.t1,K20092
g17644.t1,K14802
g17645.t1,K13138
g17646.t1,K12840
g17647.t1,K20362
g17654.t1,K05110
g17710.t1,K04362
g17716.t1,K03781
g17717.t1,K28124
g17720.t1,K15108
g17720.t2,K15108
g17737.t1,K05105
g17747.t1,K15698
g17749.t1,K11204
g17759.t1,K13566
g17764.t1,K18764
g17777.t1,K24685
g17778.t1,K16629
g17779.t1,K23205
g17782.t1,K12623
g17788.t1,K20093
g17788.t2,K20093
g17789.t1,K06874
g17791.t1,K13754
g17793.t1,K15455
g17795.t1,K14862
g17803.t1,K13963
g17806.t1,K06133
g17809.t1,K09572
g17810.t1,K19882
g17811.t1,K01373
g17812.t1,K06689
g17828.t1,K10046
g17830.t1,K02882
g17830.t2,K02882
g17834.t1,K22503
g17837.t1,K20703
g17838.t3,K00232
g17839.t1,K06619
g17843.t1,K01800
g17843.t2,K01800
g17843.t3,K02895
g17877.t1,K01922
g17879.t1,K14300
g17881.t1,K04459
g17882.t1,K13104
g17883.t1,K04482
g17884.t1,K02604
g17884.t2,K02604
g17885.t1,K02360
g17885.t2,K02360
g17886.t1,K18469
g17892.t1,K03364
g17892.t2,K03364
g17929.t1,K05126
g17931.t3,K18162
g17949.t1,K14778
g17949.t2,K14778
g17952.t1,K14808
g17955.t1,K13143
g17955.t2,K13143
g17959.t1,K17085
g17959.t2,K17085
g17959.t3,K17085
g17960.t1,K11126
g17960.t2,K11126
g17967.t1,K12385
g17973.t1,K07175
g17974.t1,K04513
g17975.t1,K07175
g17976.t1,K13709
g17977.t1,K21594
g17977.t2,K21594
g17977.t3,K21594
g17978.t1,K10683
g17979.t1,K13507
g17980.t1,K09259
g17990.t1,K03108
g17993.t1,K00767
g17994.t1,K07018
g17994.t2,K07018
g17996.t1,K02934
g17997.t1,K14786
g18030.t1,K15042
g18032.t1,K12828
g18032.t2,K12828
g18035.t1,K01866
g18036.t1,K05106
g18037.t1,K16815
g18042.t1,K12858
g18044.t1,K17541
g18047.t1,K17817
g18048.t1,K00059
g18066.t1,K12827
g18071.t1,K16569
g18073.t1,K06963
g18088.t1,K24748
g18088.t2,K24748
g18089.t1,K28063
g18090.t1,K02685
g18092.t1,K26680
g18094.t1,K00088
g18096.t1,K20642
g18097.t1,K10706
g18097.t2,K10706
g18101.t1,K14559
g18101.t2,K14559
g18120.t2,K02991
g18122.t1,K11765
g18144.t1,K07360
g18215.t1,K01230
g18215.t2,K20044
g18215.t3,K01230
g18221.t1,K05662
g18226.t1,K14416
g18226.t2,K14416
g18228.t1,K08738
g18232.t1,K12824
g18232.t2,K12824
g18235.t1,K13293
g18236.t1,K10997
g18237.t1,K08827
g18239.t1,K06027
g18240.t1,K13345
g18240.t2,K13345
g18241.t1,K02605
g18245.t1,K12605
g18245.t2,K12605
g18246.t1,K02955
g18247.t1,K05104
g18248.t1,K09495
g18249.t1,K14815
g18250.t1,K03014
g18251.t1,K15446
g18252.t1,K03926
g18253.t1,K14358
g18254.t1,K00274
g18254.t2,K00274
g18255.t1,K01076
g18256.t1,K10420
g18258.t1,K23568
g18259.t1,K11206
g18260.t1,K09579
g18262.t1,K09537
g18263.t1,K11550
g18263.t2,K11550
g18275.t1,K04345
g18275.t2,K04345
g18275.t3,K05094
g18279.t1,K06940
g18283.t1,K11426
g18297.t1,K09022
g18297.t2,K09022
g18298.t1,K07441
g18299.t1,K03099
g18306.t1,K20279
g18309.t1,K08737
g18312.t1,K04424
g18326.t1,K24265
g18328.t1,K01823
g18329.t1,K14016
g18331.t1,K15028
g18334.t1,K07881
g18337.t1,K12188
g18338.t1,K10398
g18338.t3,K10398
g18339.t1,K19025
g18339.t2,K19025
g18339.t3,K19025
g18341.t1,K03243
g18344.t1,K07565
g18345.t2,K12829
g18345.t3,K12829
g18346.t1,K28116
g18347.t1,K14018
g18347.t2,K14018
g18348.t1,K07466
g18349.t1,K08798
g18355.t1,K05606
g18367.t3,K06989
g18368.t1,K07767
g18370.t1,K13738
g18371.t1,K05925
g18371.t2,K05925
g18379.t1,K17534
g18379.t2,K17534
g18380.t1,K02257
g18381.t1,K03005
g18381.t2,K03005
g18382.t1,K08963
g18405.t2,K13153
g18406.t1,K14395
g18413.t1,K05925
g18413.t2,K05925
g18414.t1,K23569
g18415.t1,K14782
g18416.t1,K00472
g18419.t1,K18586
g18420.t1,K00074
g18420.t2,K00074
g18425.t1,K14830
g18427.t1,K15730
g18428.t1,K24725
g18429.t1,K25470
g18430.t1,K15791
g18431.t1,K05768
g18432.t1,K24070
g18433.t1,K13144
g18434.t1,K12175
g18435.t1,K14963
g18436.t1,K00252
g18436.t2,K00252
g18437.t1,K16330
g18438.t1,K07342
g18439.t2,K15289
g18440.t1,K14301
g18441.t1,K01867
g18442.t1,K04802
g18443.t1,K17601
g18443.t2,K17601
g18451.t1,K03850
g18453.t1,K22745
g18475.t1,K23643
g18480.t1,K04083
g18481.t1,K15177
g18484.t1,K01081
g18484.t2,K01081
g18490.t1,K10088
g18492.t1,K14649
g18492.t2,K14649
g18494.t1,K03348
g18495.t1,K00222
g18500.t1,K02730
g18500.t2,K02730
g18502.t1,K08490
g18519.t1,K00826
g18530.t1,K16803
g18531.t1,K08790
g18532.t1,K12592
g18533.t1,K02896
g18534.t1,K02896
g18535.t1,K02327
g18535.t2,K02327
g18567.t1,K07178
g18567.t2,K07178
g18575.t1,K22684
g18575.t2,K22684
g18576.t1,K24641
g18582.t1,K15979
g18583.t1,K10771
g18583.t2,K10771
g18620.t1,K05755
g18622.t1,K27318
g18624.t1,K01647
g18625.t1,K15505
g18625.t2,K15505
g18643.t1,K10297
g18657.t1,K04352
g18658.t1,K22078
g18659.t1,K11836
g18661.t1,K11800
g18665.t2,K09503
g18666.t1,K11348
g18667.t1,K11231
g18667.t2,K11231
g18670.t1,K13681
g18671.t1,K00876
g18672.t1,K20045
g18719.t1,K11592
g18726.t1,K14286
g18726.t2,K14286
g18730.t4,K03178
g18740.t1,K01464
g18744.t1,K18081
g18770.t3,K03178
g18771.t1,K01869
g18771.t2,K01869
g18780.t1,K03637
g18780.t2,K03637
g18781.t1,K14834
g18813.t1,K08857
g18814.t1,K01669
g18815.t1,K25318
g18817.t1,K05105
g18819.t1,K22579
g18850.t1,K14415
g18851.t2,K00913
g18852.t1,K13356
g18856.t1,K15075
g18856.t2,K15075
g18857.t1,K14847
g18859.t1,K24891
g18859.t2,K24891
g18861.t1,K18592
g18871.t1,K04802
g18872.t1,K12195
g18873.t1,K10873
g18875.t1,K01110
g18875.t2,K01110
g18875.t3,K01110
g18892.t1,K03331
g18893.t1,K06101
g18903.t1,K15139
g18905.t1,K15216
g18905.t2,K15216
g18907.t1,K09532
g18908.t1,K12177
g18912.t2,K05105
g18917.t1,K14848
g18919.t1,K20346
g18919.t2,K20346
g18920.t1,K15172
g18928.t1,K03123
g18929.t1,K11155
g18930.t1,K11412
g18942.t1,K15442
g18946.t1,K24926
g18968.t1,K11849
g18969.t1,K05759
g18971.t1,K08066
g18974.t1,K10990
g18977.t1,K15293
g18978.t1,K07390
g18995.t1,K07937
g18996.t1,K01639
g19048.t1,K23801
g19049.t1,K20160
g19056.t1,K06685
g19057.t1,K03216
g19059.t1,K01855
g19065.t1,K01610
g19066.t1,K21806
g19068.t1,K11308
g19069.t1,K14297
g19072.t1,K22559
g19075.t1,K23080
g19075.t2,K23080
g19076.t1,K05181
g19077.t1,K09272
g19081.t1,K10728
g19083.t1,K03029
g19086.t1,K21249
g19087.t1,K15278
g19088.t1,K03130
g19089.t1,K09849
g19091.t1,K03952
g19093.t1,K04799
g19093.t2,K04799
g19094.t1,K20183
g19095.t1,K12307
g19096.t1,K14819
g19097.t1,K27045
g19097.t2,K27045
g19101.t1,K11094
g19102.t1,K23905
g19103.t1,K01868
g19105.t1,K14688
g19106.t1,K00060
g19107.t1,K23404
g19113.t1,K11418
g19113.t2,K11418
g19115.t1,K01013
g19118.t1,K05350
g19118.t2,K05350
g19120.t1,K03064
g19121.t1,K01883
g19123.t1,K12880
g19124.t1,K24760
g19125.t1,K10392
g19137.t2,K00140
g19138.t1,K00943
g19142.t1,K11086
g19144.t1,K01192
g19144.t2,K01192
g19145.t1,K04555
g19145.t2,K04555
g19146.t1,K01409
g19147.t1,K28026
g19147.t2,K28026
g19148.t1,K02868
g19150.t1,K13165
g19151.t1,K12373
g19153.t1,K01810
g19154.t1,K12862
g19155.t1,K12587
g19156.t1,K00457
g19157.t1,K12402
g19158.t1,K20164
g19159.t1,K08794
g19160.t1,K01056
g19220.t1,K20520
g19243.t1,K17257
g19243.t2,K17257
g19244.t1,K20310
g19245.t1,K26095
g19246.t1,K22762
g19247.t1,K04464
g19250.t1,K01868
g19252.t1,K11404
g19252.t2,K11404
g19301.t1,K10848
g19303.t1,K11835
g19304.t1,K19024
g19304.t2,K19024
g19320.t1,K08837
g19321.t1,K24470
g19322.t1,K00824
g19324.t1,K17582
g19324.t3,K17582
g19325.t1,K15437
g19327.t1,K00771
g19330.t1,K03025
g19330.t2,K03025
g19347.t1,K02729
g19348.t1,K04527
g19349.t1,K15443
g19362.t1,K26537
g19371.t1,K26678
g19371.t2,K26678
g19372.t1,K22991
g19375.t1,K15362
g19376.t1,K14693
g19377.t1,K16073
g19391.t1,K01872
g19393.t1,K00500
g19394.t1,K00981
g19419.t1,K14402
g19420.t1,K00668
g19454.t1,K01148
g19455.t1,K02564
g19458.t2,K08773
g19459.t1,K00548
g19462.t1,K08494
g19463.t1,K20298
g19464.t1,K15104
g19467.t1,K19703
g19470.t1,K09562
g19470.t2,K09562
g19471.t1,K14012
g19474.t1,K14820
g19486.t1,K23257
g19486.t2,K23257
g19495.t1,K01647
g19496.t1,K01092
g19499.t1,K15381
g19500.t1,K23566
g19501.t1,K11314
g19502.t1,K05757
g19502.t2,K05757
g19503.t1,K15381
g19504.t1,K01930
g19505.t1,K10862
g19506.t1,K10597
g19506.t2,K10597
g19511.t3,K20298
g19513.t1,K15014
g19515.t1,K05288
g19517.t1,K26544
g19520.t1,K17979
g19525.t1,K00058
g19526.t1,K19267
g19528.t1,K10106
g19533.t1,K08873
gene,ko_id
g19534.t1,K14569
g19535.t1,K10413
g19536.t1,K00720
g19538.t1,K17583
g19538.t2,K17583
g19541.t1,K16055
g19542.t1,K10777
g19568.t1,K03537
g19569.t1,K02891
g19570.t1,K17095
g19571.t1,K05756
g19572.t1,K12192
g19580.t1,K02207
g19580.t2,K10575
g19581.t1,K12867
g19582.t1,K12874
g19583.t1,K14307
g19586.t1,K24095
g19596.t1,K06990
g19598.t1,K06268
g19599.t1,K21777
g19602.t1,K28020
g19604.t1,K02960
g19605.t1,K02873
g19606.t1,K24135
g19607.t1,K10837
g19608.t1,K00876
g19608.t2,K00876
g19611.t1,K04527
g19612.t1,K00875
g19614.t1,K10625
g19617.t1,K05105
g19618.t1,K01301
g19619.t1,K17267
g19646.t1,K17478
g19647.t1,K27887
g19660.t1,K02178
g19677.t1,K11088
g19680.t1,K05610
g19680.t2,K05610
g19680.t3,K05610
g19681.t1,K03965
g19708.t1,K11138
g19714.t1,K06685
g19716.t1,K24510
g19717.t1,K10624